"Row","Col","Sample","Plate"
"A","1","D0268","D0268-D0363"
"B","1","D0269","D0268-D0363"
"C","1","D0270","D0268-D0363"
"D","1","D0271","D0268-D0363"
"E","1","D0272","D0268-D0363"
"F","1","D0273","D0268-D0363"
"G","1","D0274","D0268-D0363"
"H","1","D0275","D0268-D0363"
"A","2","D0276","D0268-D0363"
"B","2","D0277","D0268-D0363"
"C","2","D0278","D0268-D0363"
"D","2","D0279","D0268-D0363"
"E","2","D0280","D0268-D0363"
"F","2","D0281","D0268-D0363"
"G","2","D0282","D0268-D0363"
"H","2","D0283","D0268-D0363"
"A","3","D0284","D0268-D0363"
"B","3","D0285","D0268-D0363"
"C","3","D0286","D0268-D0363"
"D","3","D0287","D0268-D0363"
"E","3","D0288","D0268-D0363"
"F","3","D0289","D0268-D0363"
"G","3","D0290","D0268-D0363"
"H","3","D0291","D0268-D0363"
"A","4","D0292","D0268-D0363"
"B","4","D0293","D0268-D0363"
"C","4","D0294","D0268-D0363"
"D","4","D0295","D0268-D0363"
"E","4","D0296","D0268-D0363"
"F","4","D0297","D0268-D0363"
"G","4","D0298","D0268-D0363"
"H","4","D0299","D0268-D0363"
"A","5","D0300","D0268-D0363"
"B","5","D0301","D0268-D0363"
"C","5","D0302","D0268-D0363"
"D","5","D0303","D0268-D0363"
"E","5","D0304","D0268-D0363"
"F","5","D0305","D0268-D0363"
"G","5","D0306","D0268-D0363"
"H","5","D0307","D0268-D0363"
"A","6","D0308","D0268-D0363"
"B","6","D0309","D0268-D0363"
"C","6","D0310","D0268-D0363"
"D","6","D0311","D0268-D0363"
"E","6","D0312","D0268-D0363"
"F","6","D0313","D0268-D0363"
"G","6","D0314","D0268-D0363"
"H","6","D0315","D0268-D0363"
"A","7","D0316","D0268-D0363"
"B","7","D0317","D0268-D0363"
"C","7","D0318","D0268-D0363"
"D","7","D0319","D0268-D0363"
"E","7","D0320","D0268-D0363"
"F","7","D0321","D0268-D0363"
"G","7","D0322","D0268-D0363"
"H","7","D0323","D0268-D0363"
"A","8","D0324","D0268-D0363"
"B","8","D0325","D0268-D0363"
"C","8","D0326","D0268-D0363"
"D","8","D0327","D0268-D0363"
"E","8","D0328","D0268-D0363"
"F","8","D0329","D0268-D0363"
"G","8","D0330","D0268-D0363"
"H","8","D0331","D0268-D0363"
"A","9","D0332","D0268-D0363"
"B","9","D0333","D0268-D0363"
"C","9","D0334","D0268-D0363"
"D","9","D0335","D0268-D0363"
"E","9","D0336","D0268-D0363"
"F","9","D0337","D0268-D0363"
"G","9","D0338","D0268-D0363"
"H","9","D0339","D0268-D0363"
"A","10","D0340","D0268-D0363"
"B","10","D0341","D0268-D0363"
"C","10","D0342","D0268-D0363"
"D","10","D0343","D0268-D0363"
"E","10","D0344","D0268-D0363"
"F","10","D0345","D0268-D0363"
"G","10","D0346","D0268-D0363"
"H","10","D0347","D0268-D0363"
"A","11","D0348","D0268-D0363"
"B","11","D0349","D0268-D0363"
"C","11","D0350","D0268-D0363"
"D","11","D0351","D0268-D0363"
"E","11","D0352","D0268-D0363"
"F","11","D0353","D0268-D0363"
"G","11","D0354","D0268-D0363"
"H","11","D0355","D0268-D0363"
"A","12","D0356","D0268-D0363"
"B","12","D0357","D0268-D0363"
"C","12","D0358","D0268-D0363"
"D","12","D0359","D0268-D0363"
"E","12","D0360","D0268-D0363"
"F","12","D0361","D0268-D0363"
"G","12","D0362","D0268-D0363"
"H","12","D0363","D0268-D0363"
"A","1","D0556","D0556-D0651"
"B","1","D0557","D0556-D0651"
"C","1","D0558","D0556-D0651"
"D","1","D0559","D0556-D0651"
"E","1","D0560","D0556-D0651"
"F","1","D0561","D0556-D0651"
"G","1","D0562","D0556-D0651"
"H","1","D0563","D0556-D0651"
"A","2","D0564","D0556-D0651"
"B","2","D0565","D0556-D0651"
"C","2","D0566","D0556-D0651"
"D","2","D0567","D0556-D0651"
"E","2","D0568","D0556-D0651"
"F","2","D0569","D0556-D0651"
"G","2","D0570","D0556-D0651"
"H","2","D0571","D0556-D0651"
"A","3","D0572","D0556-D0651"
"B","3","D0573","D0556-D0651"
"C","3","D0574","D0556-D0651"
"D","3","D0575","D0556-D0651"
"E","3","D0576","D0556-D0651"
"F","3","D0577","D0556-D0651"
"G","3","D0578","D0556-D0651"
"H","3","D0579","D0556-D0651"
"A","4","D0580","D0556-D0651"
"B","4","D0581","D0556-D0651"
"C","4","D0582","D0556-D0651"
"D","4","D0583","D0556-D0651"
"E","4","D0584","D0556-D0651"
"F","4","D0585","D0556-D0651"
"G","4","D0586","D0556-D0651"
"H","4","D0587","D0556-D0651"
"A","5","D0588","D0556-D0651"
"B","5","D0589","D0556-D0651"
"C","5","D0590","D0556-D0651"
"D","5","D0591","D0556-D0651"
"E","5","D0592","D0556-D0651"
"F","5","D0593","D0556-D0651"
"G","5","D0594","D0556-D0651"
"H","5","D0595","D0556-D0651"
"A","6","D0596","D0556-D0651"
"B","6","D0597","D0556-D0651"
"C","6","D0598","D0556-D0651"
"D","6","D0599","D0556-D0651"
"E","6","D0600","D0556-D0651"
"F","6","D0601","D0556-D0651"
"G","6","D0602","D0556-D0651"
"H","6","D0603","D0556-D0651"
"A","7","D0604","D0556-D0651"
"B","7","D0605","D0556-D0651"
"C","7","D0606","D0556-D0651"
"D","7","D0607","D0556-D0651"
"E","7","D0608","D0556-D0651"
"F","7","D0609","D0556-D0651"
"G","7","D0610","D0556-D0651"
"H","7","D0611","D0556-D0651"
"A","8","D0612","D0556-D0651"
"B","8","D0613","D0556-D0651"
"C","8","D0614","D0556-D0651"
"D","8","D0615","D0556-D0651"
"E","8","D0616","D0556-D0651"
"F","8","D0617","D0556-D0651"
"G","8","D0618","D0556-D0651"
"H","8","D0619","D0556-D0651"
"A","9","D0620","D0556-D0651"
"B","9","D0621","D0556-D0651"
"C","9","D0622","D0556-D0651"
"D","9","D0623","D0556-D0651"
"E","9","D0624","D0556-D0651"
"F","9","D0625","D0556-D0651"
"G","9","D0626","D0556-D0651"
"H","9","D0627","D0556-D0651"
"A","10","D0628","D0556-D0651"
"B","10","D0629","D0556-D0651"
"C","10","D0630","D0556-D0651"
"D","10","D0631","D0556-D0651"
"E","10","D0632","D0556-D0651"
"F","10","D0633","D0556-D0651"
"G","10","D0634","D0556-D0651"
"H","10","D0635","D0556-D0651"
"A","11","D0636","D0556-D0651"
"B","11","D0637","D0556-D0651"
"C","11","D0638","D0556-D0651"
"D","11","D0639","D0556-D0651"
"E","11","D0640","D0556-D0651"
"F","11","D0641","D0556-D0651"
"G","11","D0642","D0556-D0651"
"H","11","D0643","D0556-D0651"
"A","12","D0644","D0556-D0651"
"B","12","D0645","D0556-D0651"
"C","12","D0646","D0556-D0651"
"D","12","D0647","D0556-D0651"
"E","12","D0648","D0556-D0651"
"F","12","D0649","D0556-D0651"
"G","12","D0650","D0556-D0651"
"H","12","D0651","D0556-D0651"
"A","1","D0652","D0652-D0747"
"B","1","D0653","D0652-D0747"
"C","1","D0654","D0652-D0747"
"D","1","D0655","D0652-D0747"
"E","1","D0656","D0652-D0747"
"F","1","D0657","D0652-D0747"
"G","1","D0658","D0652-D0747"
"H","1","D0659","D0652-D0747"
"A","2","D0660","D0652-D0747"
"B","2","D0661","D0652-D0747"
"C","2","D0662","D0652-D0747"
"D","2","D0663","D0652-D0747"
"E","2","D0664","D0652-D0747"
"F","2","D0665","D0652-D0747"
"G","2","D0666","D0652-D0747"
"H","2","D0667","D0652-D0747"
"A","3","D0668","D0652-D0747"
"B","3","D0669","D0652-D0747"
"C","3","D0670","D0652-D0747"
"D","3","D0671","D0652-D0747"
"E","3","D0672","D0652-D0747"
"F","3","D0673","D0652-D0747"
"G","3","D0674","D0652-D0747"
"H","3","D0675","D0652-D0747"
"A","4","D0676","D0652-D0747"
"B","4","D0677","D0652-D0747"
"C","4","D0678","D0652-D0747"
"D","4","D0679","D0652-D0747"
"E","4","D0680","D0652-D0747"
"F","4","D0681","D0652-D0747"
"G","4","D0682","D0652-D0747"
"H","4","D0683","D0652-D0747"
"A","5","D0684","D0652-D0747"
"B","5","D0685","D0652-D0747"
"C","5","D0686","D0652-D0747"
"D","5","D0687","D0652-D0747"
"E","5","D0688","D0652-D0747"
"F","5","D0689","D0652-D0747"
"G","5","D0690","D0652-D0747"
"H","5","D0691","D0652-D0747"
"A","6","D0692","D0652-D0747"
"B","6","D0693","D0652-D0747"
"C","6","D0694","D0652-D0747"
"D","6","D0695","D0652-D0747"
"E","6","D0696","D0652-D0747"
"F","6","D0697","D0652-D0747"
"G","6","D0698","D0652-D0747"
"H","6","D0699","D0652-D0747"
"A","7","D0700","D0652-D0747"
"B","7","D0701","D0652-D0747"
"C","7","D0702","D0652-D0747"
"D","7","D0703","D0652-D0747"
"E","7","D0704","D0652-D0747"
"F","7","D0705","D0652-D0747"
"G","7","D0706","D0652-D0747"
"H","7","D0707","D0652-D0747"
"A","8","D0708","D0652-D0747"
"B","8","D0709","D0652-D0747"
"C","8","D0710","D0652-D0747"
"D","8","D0711","D0652-D0747"
"E","8","D0712","D0652-D0747"
"F","8","D0713","D0652-D0747"
"G","8","D0714","D0652-D0747"
"H","8","D0715","D0652-D0747"
"A","9","D0716","D0652-D0747"
"B","9","D0717","D0652-D0747"
"C","9","D0718","D0652-D0747"
"D","9","D0719","D0652-D0747"
"E","9","D0720","D0652-D0747"
"F","9","D0721","D0652-D0747"
"G","9","D0722","D0652-D0747"
"H","9","D0723","D0652-D0747"
"A","10","D0724","D0652-D0747"
"B","10","D0725","D0652-D0747"
"C","10","D0726","D0652-D0747"
"D","10","D0727","D0652-D0747"
"E","10","D0728","D0652-D0747"
"F","10","D0729","D0652-D0747"
"G","10","D0730","D0652-D0747"
"H","10","D0731","D0652-D0747"
"A","11","D0732","D0652-D0747"
"B","11","D0733","D0652-D0747"
"C","11","D0734","D0652-D0747"
"D","11","D0735","D0652-D0747"
"E","11","D0736","D0652-D0747"
"F","11","D0737","D0652-D0747"
"G","11","D0738","D0652-D0747"
"H","11","D0739","D0652-D0747"
"A","12","D0740","D0652-D0747"
"B","12","D0741","D0652-D0747"
"C","12","D0742","D0652-D0747"
"D","12","D0743","D0652-D0747"
"E","12","D0744","D0652-D0747"
"F","12","D0745","D0652-D0747"
"G","12","D0746","D0652-D0747"
"H","12","D0747","D0652-D0747"
"A","1","D0748","1-D0842"
"B","1","D0749","1-D0842"
"C","1","D0750","1-D0842"
"D","1","D0751","1-D0842"
"E","1","D0752","1-D0842"
"F","1","D0753","1-D0842"
"G","1","D0754","1-D0842"
"A","2","D0756","1-D0842"
"B","2","D0757","1-D0842"
"C","2","D0758","1-D0842"
"D","2","D0759","1-D0842"
"E","2","D0760","1-D0842"
"F","2","D0761","1-D0842"
"G","2","D0762","1-D0842"
"A","3","D0764","1-D0842"
"B","3","D0765","1-D0842"
"C","3","D0766","1-D0842"
"D","3","D0767","1-D0842"
"E","3","D0768","1-D0842"
"F","3","D0769","1-D0842"
"G","3","D0770","1-D0842"
"A","4","D0772","1-D0842"
"B","4","D0773","1-D0842"
"C","4","D0774","1-D0842"
"D","4","D0775","1-D0842"
"E","4","D0776","1-D0842"
"F","4","D0777","1-D0842"
"G","4","D0778","1-D0842"
"A","5","D0780","1-D0842"
"B","5","D0781","1-D0842"
"C","5","D0782","1-D0842"
"D","5","D0783","1-D0842"
"E","5","D0784","1-D0842"
"F","5","D0785","1-D0842"
"G","5","D0786","1-D0842"
"A","6","D0788","1-D0842"
"B","6","D0789","1-D0842"
"C","6","D0790","1-D0842"
"D","6","D0791","1-D0842"
"E","6","D0792","1-D0842"
"F","6","D0793","1-D0842"
"G","6","D0794","1-D0842"
"A","7","D0796","1-D0842"
"B","7","D0797","1-D0842"
"C","7","D0798","1-D0842"
"D","7","D0799","1-D0842"
"E","7","D0800","1-D0842"
"F","7","D0801","1-D0842"
"G","7","D0802","1-D0842"
"A","8","D0804","1-D0842"
"B","8","D0805","1-D0842"
"C","8","D0806","1-D0842"
"D","8","D0807","1-D0842"
"E","8","D0808","1-D0842"
"F","8","D0809","1-D0842"
"G","8","D0810","1-D0842"
"A","9","D0812","1-D0842"
"B","9","D0813","1-D0842"
"C","9","D0814","1-D0842"
"D","9","D0815","1-D0842"
"E","9","D0816","1-D0842"
"F","9","D0817","1-D0842"
"G","9","D0818","1-D0842"
"A","10","D0820","1-D0842"
"B","10","D0821","1-D0842"
"C","10","D0822","1-D0842"
"D","10","D0823","1-D0842"
"E","10","D0824","1-D0842"
"F","10","D0825","1-D0842"
"G","10","D0826","1-D0842"
"A","11","D0828","1-D0842"
"B","11","D0829","1-D0842"
"C","11","D0830","1-D0842"
"D","11","D0831","1-D0842"
"E","11","D0832","1-D0842"
"F","11","D0833","1-D0842"
"G","11","D0834","1-D0842"
"A","12","D0836","1-D0842"
"B","12","D0837","1-D0842"
"C","12","D0838","1-D0842"
"D","12","D0839","1-D0842"
"E","12","D0840","1-D0842"
"F","12","D0841","1-D0842"
"G","12","D0842","1-D0842"
"A","1","D0844","D0844-D0939"
"B","1","D0845","D0844-D0939"
"C","1","D0846","D0844-D0939"
"D","1","D0847","D0844-D0939"
"E","1","D0848","D0844-D0939"
"F","1","D0849","D0844-D0939"
"G","1","D0850","D0844-D0939"
"H","1","D0851","D0844-D0939"
"A","2","D0852","D0844-D0939"
"B","2","D0853","D0844-D0939"
"C","2","D0854","D0844-D0939"
"D","2","D0855","D0844-D0939"
"E","2","D0856","D0844-D0939"
"F","2","D0857","D0844-D0939"
"G","2","D0858","D0844-D0939"
"H","2","D0859","D0844-D0939"
"A","3","D0860","D0844-D0939"
"B","3","D0861","D0844-D0939"
"C","3","D0862","D0844-D0939"
"D","3","D0863","D0844-D0939"
"E","3","D0864","D0844-D0939"
"F","3","D0865","D0844-D0939"
"G","3","D0866","D0844-D0939"
"H","3","D0867","D0844-D0939"
"A","4","D0868","D0844-D0939"
"B","4","D0869","D0844-D0939"
"C","4","D0870","D0844-D0939"
"D","4","D0871","D0844-D0939"
"E","4","D0872","D0844-D0939"
"F","4","D0873","D0844-D0939"
"G","4","D0874","D0844-D0939"
"H","4","D0875","D0844-D0939"
"A","5","D0876","D0844-D0939"
"B","5","D0877","D0844-D0939"
"C","5","D0878","D0844-D0939"
"D","5","D0879","D0844-D0939"
"E","5","D0880","D0844-D0939"
"F","5","D0881","D0844-D0939"
"G","5","D0882","D0844-D0939"
"H","5","D0883","D0844-D0939"
"A","6","D0884","D0844-D0939"
"B","6","D0885","D0844-D0939"
"C","6","D0886","D0844-D0939"
"D","6","D0887","D0844-D0939"
"E","6","D0888","D0844-D0939"
"F","6","D0889","D0844-D0939"
"G","6","D0890","D0844-D0939"
"H","6","D0891","D0844-D0939"
"A","7","D0892","D0844-D0939"
"B","7","D0893","D0844-D0939"
"C","7","D0894","D0844-D0939"
"D","7","D0895","D0844-D0939"
"E","7","D0896","D0844-D0939"
"F","7","D0897","D0844-D0939"
"G","7","D0898","D0844-D0939"
"H","7","D0899","D0844-D0939"
"A","8","D0900","D0844-D0939"
"B","8","D0901","D0844-D0939"
"C","8","D0902","D0844-D0939"
"D","8","D0903","D0844-D0939"
"E","8","D0904","D0844-D0939"
"F","8","D0905","D0844-D0939"
"G","8","D0906","D0844-D0939"
"H","8","D0907","D0844-D0939"
"A","9","D0908","D0844-D0939"
"B","9","D0909","D0844-D0939"
"C","9","D0910","D0844-D0939"
"D","9","D0911","D0844-D0939"
"E","9","D0912","D0844-D0939"
"F","9","D0913","D0844-D0939"
"G","9","D0914","D0844-D0939"
"H","9","D0915","D0844-D0939"
"A","10","D0916","D0844-D0939"
"B","10","D0917","D0844-D0939"
"C","10","D0918","D0844-D0939"
"D","10","D0919","D0844-D0939"
"E","10","D0920","D0844-D0939"
"F","10","D0921","D0844-D0939"
"G","10","D0922","D0844-D0939"
"H","10","D0923","D0844-D0939"
"A","11","D0924","D0844-D0939"
"B","11","D0925","D0844-D0939"
"C","11","D0926","D0844-D0939"
"D","11","D0927","D0844-D0939"
"E","11","D0928","D0844-D0939"
"F","11","D0929","D0844-D0939"
"G","11","D0930","D0844-D0939"
"H","11","D0931","D0844-D0939"
"A","12","D0932","D0844-D0939"
"B","12","D0933","D0844-D0939"
"C","12","D0934","D0844-D0939"
"D","12","D0935","D0844-D0939"
"E","12","D0936","D0844-D0939"
"F","12","D0937","D0844-D0939"
"G","12","D0938","D0844-D0939"
"H","12","D0939","D0844-D0939"
"A","1","D0940","D0940-D1035"
"B","1","D0941","D0940-D1035"
"C","1","D0942","D0940-D1035"
"D","1","D0943","D0940-D1035"
"E","1","D0944","D0940-D1035"
"F","1","D0945","D0940-D1035"
"G","1","D0946","D0940-D1035"
"H","1","D0947","D0940-D1035"
"A","2","D0948","D0940-D1035"
"B","2","D0949","D0940-D1035"
"C","2","D0950","D0940-D1035"
"D","2","D0951","D0940-D1035"
"E","2","D0952","D0940-D1035"
"F","2","D0953","D0940-D1035"
"G","2","D0954","D0940-D1035"
"H","2","D0955","D0940-D1035"
"A","3","D0956","D0940-D1035"
"B","3","D0957","D0940-D1035"
"C","3","D0958","D0940-D1035"
"D","3","D0959","D0940-D1035"
"E","3","D0960","D0940-D1035"
"F","3","D0961","D0940-D1035"
"G","3","D0962","D0940-D1035"
"H","3","D0963","D0940-D1035"
"A","4","D0964","D0940-D1035"
"B","4","D0965","D0940-D1035"
"C","4","D0966","D0940-D1035"
"D","4","D0967","D0940-D1035"
"E","4","D0968","D0940-D1035"
"F","4","D0969","D0940-D1035"
"G","4","D0970","D0940-D1035"
"H","4","D0971","D0940-D1035"
"A","5","D0972","D0940-D1035"
"B","5","D0973","D0940-D1035"
"C","5","D0974","D0940-D1035"
"D","5","D0975","D0940-D1035"
"E","5","D0976","D0940-D1035"
"F","5","D0977","D0940-D1035"
"G","5","D0978","D0940-D1035"
"H","5","D0979","D0940-D1035"
"A","6","D0980","D0940-D1035"
"B","6","D0981","D0940-D1035"
"C","6","D0982","D0940-D1035"
"D","6","D0983","D0940-D1035"
"E","6","D0984","D0940-D1035"
"F","6","D0985","D0940-D1035"
"G","6","D0986","D0940-D1035"
"H","6","D0987","D0940-D1035"
"A","7","D0988","D0940-D1035"
"B","7","D0989","D0940-D1035"
"C","7","D0990","D0940-D1035"
"D","7","D0991","D0940-D1035"
"E","7","D0992","D0940-D1035"
"F","7","D0993","D0940-D1035"
"G","7","D0994","D0940-D1035"
"H","7","D0995","D0940-D1035"
"A","8","D0996","D0940-D1035"
"B","8","D0997","D0940-D1035"
"C","8","D0998","D0940-D1035"
"D","8","D0999","D0940-D1035"
"E","8","D1000","D0940-D1035"
"F","8","D1001","D0940-D1035"
"G","8","D1002","D0940-D1035"
"H","8","D1003","D0940-D1035"
"A","9","D1004","D0940-D1035"
"B","9","D1005","D0940-D1035"
"C","9","D1006","D0940-D1035"
"D","9","D1007","D0940-D1035"
"E","9","D1008","D0940-D1035"
"F","9","D1009","D0940-D1035"
"G","9","D1010","D0940-D1035"
"H","9","D1011","D0940-D1035"
"A","10","D1012","D0940-D1035"
"B","10","D1013","D0940-D1035"
"C","10","D1014","D0940-D1035"
"D","10","D1015","D0940-D1035"
"E","10","D1016","D0940-D1035"
"F","10","D1017","D0940-D1035"
"G","10","D1018","D0940-D1035"
"H","10","D1019","D0940-D1035"
"A","11","D1020","D0940-D1035"
"B","11","D1021","D0940-D1035"
"C","11","D1022","D0940-D1035"
"D","11","D1023","D0940-D1035"
"E","11","D1024","D0940-D1035"
"F","11","D1025","D0940-D1035"
"G","11","D1026","D0940-D1035"
"H","11","D1027","D0940-D1035"
"A","12","D1028","D0940-D1035"
"B","12","D1029","D0940-D1035"
"C","12","D1030","D0940-D1035"
"D","12","D1031","D0940-D1035"
"E","12","D1032","D0940-D1035"
"F","12","D1033","D0940-D1035"
"G","12","D1034","D0940-D1035"
"H","12","D1035","D0940-D1035"
"A","1","D1036","D1036-D1131"
"B","1","D1037","D1036-D1131"
"C","1","D1038","D1036-D1131"
"D","1","D1039","D1036-D1131"
"E","1","D1040","D1036-D1131"
"F","1","D1041","D1036-D1131"
"G","1","D1042","D1036-D1131"
"H","1","D1043","D1036-D1131"
"A","2","D1044","D1036-D1131"
"B","2","D1045","D1036-D1131"
"C","2","D1046","D1036-D1131"
"D","2","D1047","D1036-D1131"
"E","2","D1048","D1036-D1131"
"F","2","D1049","D1036-D1131"
"G","2","D1050","D1036-D1131"
"H","2","D1051","D1036-D1131"
"A","3","D1052","D1036-D1131"
"B","3","D1053","D1036-D1131"
"C","3","D1054","D1036-D1131"
"D","3","D1055","D1036-D1131"
"E","3","D1056","D1036-D1131"
"F","3","D1057","D1036-D1131"
"G","3","D1058","D1036-D1131"
"H","3","D1059","D1036-D1131"
"A","4","D1060","D1036-D1131"
"B","4","D1061","D1036-D1131"
"C","4","D1062","D1036-D1131"
"D","4","D1063","D1036-D1131"
"E","4","D1064","D1036-D1131"
"F","4","D1065","D1036-D1131"
"G","4","D1066","D1036-D1131"
"H","4","D1067","D1036-D1131"
"A","5","D1068","D1036-D1131"
"B","5","D1069","D1036-D1131"
"C","5","D1070","D1036-D1131"
"D","5","D1071","D1036-D1131"
"E","5","D1072","D1036-D1131"
"F","5","D1073","D1036-D1131"
"G","5","D1074","D1036-D1131"
"H","5","D1075","D1036-D1131"
"A","6","D1076","D1036-D1131"
"B","6","D1077","D1036-D1131"
"C","6","D1078","D1036-D1131"
"D","6","D1079","D1036-D1131"
"E","6","D1080","D1036-D1131"
"F","6","D1081","D1036-D1131"
"G","6","D1082","D1036-D1131"
"H","6","D1083","D1036-D1131"
"A","7","D1084","D1036-D1131"
"B","7","D1085","D1036-D1131"
"C","7","D1086","D1036-D1131"
"D","7","D1087","D1036-D1131"
"E","7","D1088","D1036-D1131"
"F","7","D1089","D1036-D1131"
"G","7","D1090","D1036-D1131"
"H","7","D1091","D1036-D1131"
"A","8","D1092","D1036-D1131"
"B","8","D1093","D1036-D1131"
"C","8","D1094","D1036-D1131"
"D","8","D1095","D1036-D1131"
"E","8","D1096","D1036-D1131"
"F","8","D1097","D1036-D1131"
"G","8","D1098","D1036-D1131"
"H","8","D1099","D1036-D1131"
"A","9","D1100","D1036-D1131"
"B","9","D1101","D1036-D1131"
"C","9","D1102","D1036-D1131"
"D","9","D1103","D1036-D1131"
"E","9","D1104","D1036-D1131"
"F","9","D1105","D1036-D1131"
"G","9","D1106","D1036-D1131"
"H","9","D1107","D1036-D1131"
"A","10","D1108","D1036-D1131"
"B","10","D1109","D1036-D1131"
"C","10","D1110","D1036-D1131"
"D","10","D1111","D1036-D1131"
"E","10","D1112","D1036-D1131"
"F","10","D1113","D1036-D1131"
"G","10","D1114","D1036-D1131"
"H","10","D1115","D1036-D1131"
"A","11","D1116","D1036-D1131"
"B","11","D1117","D1036-D1131"
"C","11","D1118","D1036-D1131"
"D","11","D1119","D1036-D1131"
"E","11","D1120","D1036-D1131"
"F","11","D1121","D1036-D1131"
"G","11","D1122","D1036-D1131"
"H","11","D1123","D1036-D1131"
"A","12","D1124","D1036-D1131"
"B","12","D1125","D1036-D1131"
"C","12","D1126","D1036-D1131"
"D","12","D1127","D1036-D1131"
"E","12","D1128","D1036-D1131"
"F","12","D1129","D1036-D1131"
"G","12","D1130","D1036-D1131"
"H","12","D1131","D1036-D1131"
"A","1","D1132","D1132-D1227"
"B","1","D1133","D1132-D1227"
"C","1","D1134","D1132-D1227"
"D","1","D1135","D1132-D1227"
"E","1","D1136","D1132-D1227"
"F","1","D1137","D1132-D1227"
"G","1","D1138","D1132-D1227"
"H","1","D1139","D1132-D1227"
"A","2","D1140","D1132-D1227"
"B","2","D1141","D1132-D1227"
"C","2","D1142","D1132-D1227"
"D","2","D1143","D1132-D1227"
"E","2","D1144","D1132-D1227"
"F","2","D1145","D1132-D1227"
"G","2","D1146","D1132-D1227"
"H","2","D1147","D1132-D1227"
"A","3","D1148","D1132-D1227"
"B","3","D1149","D1132-D1227"
"C","3","D1150","D1132-D1227"
"D","3","D1151","D1132-D1227"
"E","3","D1152","D1132-D1227"
"F","3","D1153","D1132-D1227"
"G","3","D1154","D1132-D1227"
"H","3","D1155","D1132-D1227"
"A","4","D1156","D1132-D1227"
"B","4","D1157","D1132-D1227"
"C","4","D1158","D1132-D1227"
"D","4","D1159","D1132-D1227"
"E","4","D1160","D1132-D1227"
"F","4","D1161","D1132-D1227"
"G","4","D1162","D1132-D1227"
"H","4","D1163","D1132-D1227"
"A","5","D1164","D1132-D1227"
"B","5","D1165","D1132-D1227"
"C","5","D1166","D1132-D1227"
"D","5","D1167","D1132-D1227"
"E","5","D1168","D1132-D1227"
"F","5","D1169","D1132-D1227"
"G","5","D1170","D1132-D1227"
"H","5","D1171","D1132-D1227"
"A","6","D1172","D1132-D1227"
"B","6","D1173","D1132-D1227"
"C","6","D1174","D1132-D1227"
"D","6","D1175","D1132-D1227"
"E","6","D1176","D1132-D1227"
"F","6","D1177","D1132-D1227"
"G","6","D1178","D1132-D1227"
"H","6","D1179","D1132-D1227"
"A","7","D1180","D1132-D1227"
"B","7","D1181","D1132-D1227"
"C","7","D1182","D1132-D1227"
"D","7","D1183","D1132-D1227"
"E","7","D1184","D1132-D1227"
"F","7","D1185","D1132-D1227"
"G","7","D1186","D1132-D1227"
"H","7","D1187","D1132-D1227"
"A","8","D1188","D1132-D1227"
"B","8","D1189","D1132-D1227"
"C","8","D1190","D1132-D1227"
"D","8","D1191","D1132-D1227"
"E","8","D1192","D1132-D1227"
"F","8","D1193","D1132-D1227"
"G","8","D1194","D1132-D1227"
"H","8","D1195","D1132-D1227"
"A","9","D1196","D1132-D1227"
"B","9","D1197","D1132-D1227"
"C","9","D1198","D1132-D1227"
"D","9","D1199","D1132-D1227"
"E","9","D1200","D1132-D1227"
"F","9","D1201","D1132-D1227"
"G","9","D1202","D1132-D1227"
"H","9","D1203","D1132-D1227"
"A","10","D1204","D1132-D1227"
"B","10","D1205","D1132-D1227"
"C","10","D1206","D1132-D1227"
"D","10","D1207","D1132-D1227"
"E","10","D1208","D1132-D1227"
"F","10","D1209","D1132-D1227"
"G","10","D1210","D1132-D1227"
"H","10","D1211","D1132-D1227"
"A","11","D1212","D1132-D1227"
"B","11","D1213","D1132-D1227"
"C","11","D1214","D1132-D1227"
"D","11","D1215","D1132-D1227"
"E","11","D1216","D1132-D1227"
"F","11","D1217","D1132-D1227"
"G","11","D1218","D1132-D1227"
"H","11","D1219","D1132-D1227"
"A","12","D1220","D1132-D1227"
"B","12","D1221","D1132-D1227"
"C","12","D1222","D1132-D1227"
"D","12","D1223","D1132-D1227"
"E","12","D1224","D1132-D1227"
"F","12","D1225","D1132-D1227"
"G","12","D1226","D1132-D1227"
"H","12","D1227","D1132-D1227"
"A","1","D1228","D1228-D1323"
"B","1","D1229","D1228-D1323"
"C","1","D1230","D1228-D1323"
"D","1","D1231","D1228-D1323"
"E","1","D1232","D1228-D1323"
"F","1","D1233","D1228-D1323"
"G","1","D1234","D1228-D1323"
"H","1","D1235","D1228-D1323"
"A","2","D1236","D1228-D1323"
"B","2","D1237","D1228-D1323"
"C","2","D1238","D1228-D1323"
"D","2","D1239","D1228-D1323"
"E","2","D1240","D1228-D1323"
"F","2","D1241","D1228-D1323"
"G","2","D1242","D1228-D1323"
"H","2","D1243","D1228-D1323"
"A","3","D1244","D1228-D1323"
"B","3","D1245","D1228-D1323"
"C","3","D1246","D1228-D1323"
"D","3","D1247","D1228-D1323"
"E","3","D1248","D1228-D1323"
"F","3","D1249","D1228-D1323"
"G","3","D1250","D1228-D1323"
"H","3","D1251","D1228-D1323"
"A","4","D1252","D1228-D1323"
"B","4","D1253","D1228-D1323"
"C","4","D1254","D1228-D1323"
"D","4","D1255","D1228-D1323"
"E","4","D1256","D1228-D1323"
"F","4","D1257","D1228-D1323"
"G","4","D1258","D1228-D1323"
"H","4","D1259","D1228-D1323"
"A","5","D1260","D1228-D1323"
"B","5","D1261","D1228-D1323"
"C","5","D1262","D1228-D1323"
"D","5","D1263","D1228-D1323"
"E","5","D1264","D1228-D1323"
"F","5","D1265","D1228-D1323"
"G","5","D1266","D1228-D1323"
"H","5","D1267","D1228-D1323"
"A","6","D1268","D1228-D1323"
"B","6","D1269","D1228-D1323"
"C","6","D1270","D1228-D1323"
"D","6","D1271","D1228-D1323"
"E","6","D1272","D1228-D1323"
"F","6","D1273","D1228-D1323"
"G","6","D1274","D1228-D1323"
"H","6","D1275","D1228-D1323"
"A","7","D1276","D1228-D1323"
"B","7","D1277","D1228-D1323"
"C","7","D1278","D1228-D1323"
"D","7","D1279","D1228-D1323"
"E","7","D1280","D1228-D1323"
"F","7","D1281","D1228-D1323"
"G","7","D1282","D1228-D1323"
"H","7","D1283","D1228-D1323"
"A","8","D1284","D1228-D1323"
"B","8","D1285","D1228-D1323"
"C","8","D1286","D1228-D1323"
"D","8","D1287","D1228-D1323"
"E","8","D1288","D1228-D1323"
"F","8","D1289","D1228-D1323"
"G","8","D1290","D1228-D1323"
"H","8","D1291","D1228-D1323"
"A","9","D1292","D1228-D1323"
"B","9","D1293","D1228-D1323"
"C","9","D1294","D1228-D1323"
"D","9","D1295","D1228-D1323"
"E","9","D1296","D1228-D1323"
"F","9","D1297","D1228-D1323"
"G","9","D1298","D1228-D1323"
"H","9","D1299","D1228-D1323"
"A","10","D1300","D1228-D1323"
"B","10","D1301","D1228-D1323"
"C","10","D1302","D1228-D1323"
"D","10","D1303","D1228-D1323"
"E","10","D1304","D1228-D1323"
"F","10","D1305","D1228-D1323"
"G","10","D1306","D1228-D1323"
"H","10","D1307","D1228-D1323"
"A","11","D1308","D1228-D1323"
"B","11","D1309","D1228-D1323"
"C","11","D1310","D1228-D1323"
"D","11","D1311","D1228-D1323"
"E","11","D1312","D1228-D1323"
"F","11","D1313","D1228-D1323"
"G","11","D1314","D1228-D1323"
"H","11","D1315","D1228-D1323"
"A","12","D1316","D1228-D1323"
"B","12","D1317","D1228-D1323"
"C","12","D1318","D1228-D1323"
"D","12","D1319","D1228-D1323"
"E","12","D1320","D1228-D1323"
"F","12","D1321","D1228-D1323"
"G","12","D1322","D1228-D1323"
"H","12","D1323","D1228-D1323"
"SbfI","1","D1324","D1324-NA"
"PstI","1","D1325","D1324-NA"
"EcoRI","1","D1326","D1324-NA"
"MluCI","1","D1327","D1324-NA"
"SbfI_EcoRI","1","D1328","D1324-NA"
"SbfI_MluCI","1","D1329","D1324-NA"
"PstI_EcoRI","1","D1330","D1324-NA"
"PstI_MluCI","1","D1331","D1324-NA"
"SbfI","2","D1332","D1324-NA"
"PstI","2","D1333","D1324-NA"
"EcoRI","2","D1334","D1324-NA"
"MluCI","2","D1335","D1324-NA"
"SbfI_EcoRI","2","D1336","D1324-NA"
"SbfI_MluCI","2","D1337","D1324-NA"
"PstI_EcoRI","2","D1338","D1324-NA"
"PstI_MluCI","2","D1339","D1324-NA"
"SbfI","3","D1340","D1324-NA"
"PstI","3","D1341","D1324-NA"
"EcoRI","3","D1342","D1324-NA"
"MluCI","3","D1343","D1324-NA"
"SbfI_EcoRI","3","D1344","D1324-NA"
"SbfI_MluCI","3","D1345","D1324-NA"
"PstI_EcoRI","3","D1346","D1324-NA"
"PstI_MluCI","3","D1347","D1324-NA"
"SbfI","4","D1348","D1324-NA"
"PstI","4","D1349","D1324-NA"
"MluCI","4","D1350","D1324-NA"
"PstI_MluCI","4","D1351","D1324-NA"
"PstI","5","D1352","D1324-NA"
"MluCI","5","D1353","D1324-NA"
"PstI_MluCI","5","D1354","D1324-NA"
"A","1","D1355","D1355-D1450"
"B","1","D1356","D1355-D1450"
"C","1","D1357","D1355-D1450"
"D","1","D1358","D1355-D1450"
"E","1","D1359","D1355-D1450"
"F","1","D1360","D1355-D1450"
"G","1","D1361","D1355-D1450"
"H","1","D1362","D1355-D1450"
"A","2","D1363","D1355-D1450"
"B","2","D1364","D1355-D1450"
"C","2","D1365","D1355-D1450"
"D","2","D1366","D1355-D1450"
"E","2","D1367","D1355-D1450"
"F","2","D1368","D1355-D1450"
"G","2","D1369","D1355-D1450"
"H","2","D1370","D1355-D1450"
"A","3","D1371","D1355-D1450"
"B","3","D1372","D1355-D1450"
"C","3","D1373","D1355-D1450"
"D","3","D1374","D1355-D1450"
"E","3","D1375","D1355-D1450"
"F","3","D1376","D1355-D1450"
"G","3","D1377","D1355-D1450"
"H","3","D1378","D1355-D1450"
"A","4","D1379","D1355-D1450"
"B","4","D1380","D1355-D1450"
"C","4","D1381","D1355-D1450"
"D","4","D1382","D1355-D1450"
"E","4","D1383","D1355-D1450"
"F","4","D1384","D1355-D1450"
"G","4","D1385","D1355-D1450"
"H","4","D1386","D1355-D1450"
"A","5","D1387","D1355-D1450"
"B","5","D1388","D1355-D1450"
"C","5","D1389","D1355-D1450"
"D","5","D1390","D1355-D1450"
"E","5","D1391","D1355-D1450"
"F","5","D1392","D1355-D1450"
"G","5","D1393","D1355-D1450"
"H","5","D1394","D1355-D1450"
"A","6","D1395","D1355-D1450"
"B","6","D1396","D1355-D1450"
"C","6","D1397","D1355-D1450"
"D","6","D1398","D1355-D1450"
"E","6","D1399","D1355-D1450"
"F","6","D1400","D1355-D1450"
"G","6","D1401","D1355-D1450"
"H","6","D1402","D1355-D1450"
"A","7","D1403","D1355-D1450"
"B","7","D1404","D1355-D1450"
"C","7","D1405","D1355-D1450"
"D","7","D1406","D1355-D1450"
"E","7","D1407","D1355-D1450"
"F","7","D1408","D1355-D1450"
"G","7","D1409","D1355-D1450"
"H","7","D1410","D1355-D1450"
"A","8","D1411","D1355-D1450"
"B","8","D1412","D1355-D1450"
"C","8","D1413","D1355-D1450"
"D","8","D1414","D1355-D1450"
"E","8","D1415","D1355-D1450"
"F","8","D1416","D1355-D1450"
"G","8","D1417","D1355-D1450"
"H","8","D1418","D1355-D1450"
"A","9","D1419","D1355-D1450"
"B","9","D1420","D1355-D1450"
"C","9","D1421","D1355-D1450"
"D","9","D1422","D1355-D1450"
"E","9","D1423","D1355-D1450"
"F","9","D1424","D1355-D1450"
"G","9","D1425","D1355-D1450"
"H","9","D1426","D1355-D1450"
"A","10","D1427","D1355-D1450"
"B","10","D1428","D1355-D1450"
"C","10","D1429","D1355-D1450"
"D","10","D1430","D1355-D1450"
"E","10","D1431","D1355-D1450"
"F","10","D1432","D1355-D1450"
"G","10","D1433","D1355-D1450"
"H","10","D1434","D1355-D1450"
"A","11","D1435","D1355-D1450"
"B","11","D1436","D1355-D1450"
"C","11","D1437","D1355-D1450"
"D","11","D1438","D1355-D1450"
"E","11","D1439","D1355-D1450"
"F","11","D1440","D1355-D1450"
"G","11","D1441","D1355-D1450"
"H","11","D1442","D1355-D1450"
"A","12","D1443","D1355-D1450"
"B","12","D1444","D1355-D1450"
"C","12","D1445","D1355-D1450"
"D","12","D1446","D1355-D1450"
"E","12","D1447","D1355-D1450"
"F","12","D1448","D1355-D1450"
"G","12","D1449","D1355-D1450"
"H","12","D1450","D1355-D1450"
"A","1","D1451","D1451-NA"
"B","1","D1452","D1451-NA"
"C","1","D1453","D1451-NA"
"D","1","D1454","D1451-NA"
"E","1","D1455","D1451-NA"
"F","1","D1456","D1451-NA"
"G","1","D1457","D1451-NA"
"H","1","D1458","D1451-NA"
"A","2","D1459","D1451-NA"
"B","2","D1460","D1451-NA"
"C","2","D1461","D1451-NA"
"D","2","D1462","D1451-NA"
"E","2","D1463","D1451-NA"
"F","2","D1464","D1451-NA"
"G","2","D1465","D1451-NA"
"H","2","D1466","D1451-NA"
"A","3","D1467","D1451-NA"
"B","3","D1468","D1451-NA"
"C","3","D1469","D1451-NA"
"D","3","D1470","D1451-NA"
"E","3","D1471","D1451-NA"
"A","1","D1474","D1474-NA"
"B","1","D1475","D1474-NA"
"C","1","D1476","D1474-NA"
"D","1","D1477","D1474-NA"
"E","1","D1478","D1474-NA"
"F","1","D1479","D1474-NA"
"G","1","D1480","D1474-NA"
"H","1","D1481","D1474-NA"
"A","2","D1482","D1474-NA"
"B","2","D1483","D1474-NA"
"C","2","D1484","D1474-NA"
"D","2","D1485","D1474-NA"
"E","2","D1486","D1474-NA"
"F","2","D1487","D1474-NA"
"G","2","D1488","D1474-NA"
"H","2","D1489","D1474-NA"
"A","3","D1490","D1474-NA"
"B","3","D1491","D1474-NA"
"C","3","D1492","D1474-NA"
"D","3","D1493","D1474-NA"
"E","3","D1494","D1474-NA"
"F","3","D1495","D1474-NA"
"G","3","D1496","D1474-NA"
"H","3","D1497","D1474-NA"
"A","4","D1498","D1474-NA"
"B","4","D1499","D1474-NA"
"C","4","D1500","D1474-NA"
"D","4","D1501","D1474-NA"
"E","4","D1502","D1474-NA"
"F","4","D1503","D1474-NA"
"G","4","D1504","D1474-NA"
"H","4","D1505","D1474-NA"
"A","5","D1506","D1474-NA"
"B","5","D1507","D1474-NA"
"C","5","D1508","D1474-NA"
"D","5","D1509","D1474-NA"
"E","5","D1510","D1474-NA"
"F","5","D1511","D1474-NA"
"G","5","D1512","D1474-NA"
"H","5","D1513","D1474-NA"
"A","6","D1514","D1474-NA"
"B","6","D1515","D1474-NA"
"C","6","D1516","D1474-NA"
"D","6","D1517","D1474-NA"
"E","6","D1518","D1474-NA"
"F","6","D1519","D1474-NA"
"G","6","D1520","D1474-NA"
"H","6","D1521","D1474-NA"
"A","7","D1522","D1474-NA"
"B","7","D1523","D1474-NA"
"C","7","D1524","D1474-NA"
"D","7","D1525","D1474-NA"
"E","7","D1526","D1474-NA"
"F","7","D1527","D1474-NA"
"G","7","D1528","D1474-NA"
"H","7","D1529","D1474-NA"
"A","1","D1530","D1530-D1625"
"B","1","D1531","D1530-D1625"
"C","1","D1532","D1530-D1625"
"D","1","D1533","D1530-D1625"
"E","1","D1534","D1530-D1625"
"F","1","D1535","D1530-D1625"
"G","1","D1536","D1530-D1625"
"H","1","D1537","D1530-D1625"
"A","2","D1538","D1530-D1625"
"B","2","D1539","D1530-D1625"
"C","2","D1540","D1530-D1625"
"D","2","D1541","D1530-D1625"
"E","2","D1542","D1530-D1625"
"F","2","D1543","D1530-D1625"
"G","2","D1544","D1530-D1625"
"H","2","D1545","D1530-D1625"
"A","3","D1546","D1530-D1625"
"B","3","D1547","D1530-D1625"
"C","3","D1548","D1530-D1625"
"D","3","D1549","D1530-D1625"
"E","3","D1550","D1530-D1625"
"F","3","D1551","D1530-D1625"
"G","3","D1552","D1530-D1625"
"H","3","D1553","D1530-D1625"
"A","4","D1554","D1530-D1625"
"B","4","D1555","D1530-D1625"
"C","4","D1556","D1530-D1625"
"D","4","D1557","D1530-D1625"
"E","4","D1558","D1530-D1625"
"F","4","D1559","D1530-D1625"
"G","4","D1560","D1530-D1625"
"H","4","D1561","D1530-D1625"
"A","5","D1562","D1530-D1625"
"B","5","D1563","D1530-D1625"
"C","5","D1564","D1530-D1625"
"D","5","D1565","D1530-D1625"
"E","5","D1566","D1530-D1625"
"F","5","D1567","D1530-D1625"
"G","5","D1568","D1530-D1625"
"H","5","D1569","D1530-D1625"
"A","6","D1570","D1530-D1625"
"B","6","D1571","D1530-D1625"
"C","6","D1572","D1530-D1625"
"D","6","D1573","D1530-D1625"
"E","6","D1574","D1530-D1625"
"F","6","D1575","D1530-D1625"
"G","6","D1576","D1530-D1625"
"H","6","D1577","D1530-D1625"
"A","7","D1578","D1530-D1625"
"B","7","D1579","D1530-D1625"
"C","7","D1580","D1530-D1625"
"D","7","D1581","D1530-D1625"
"E","7","D1582","D1530-D1625"
"F","7","D1583","D1530-D1625"
"G","7","D1584","D1530-D1625"
"H","7","D1585","D1530-D1625"
"A","8","D1586","D1530-D1625"
"B","8","D1587","D1530-D1625"
"C","8","D1588","D1530-D1625"
"D","8","D1589","D1530-D1625"
"E","8","D1590","D1530-D1625"
"F","8","D1591","D1530-D1625"
"G","8","D1592","D1530-D1625"
"H","8","D1593","D1530-D1625"
"A","9","D1594","D1530-D1625"
"B","9","D1595","D1530-D1625"
"C","9","D1596","D1530-D1625"
"D","9","D1597","D1530-D1625"
"E","9","D1598","D1530-D1625"
"F","9","D1599","D1530-D1625"
"G","9","D1600","D1530-D1625"
"H","9","D1601","D1530-D1625"
"A","10","D1602","D1530-D1625"
"B","10","D1603","D1530-D1625"
"C","10","D1604","D1530-D1625"
"D","10","D1605","D1530-D1625"
"E","10","D1606","D1530-D1625"
"F","10","D1607","D1530-D1625"
"G","10","D1608","D1530-D1625"
"H","10","D1609","D1530-D1625"
"A","11","D1610","D1530-D1625"
"B","11","D1611","D1530-D1625"
"C","11","D1612","D1530-D1625"
"D","11","D1613","D1530-D1625"
"E","11","D1614","D1530-D1625"
"F","11","D1615","D1530-D1625"
"G","11","D1616","D1530-D1625"
"H","11","D1617","D1530-D1625"
"A","12","D1618","D1530-D1625"
"B","12","D1619","D1530-D1625"
"C","12","D1620","D1530-D1625"
"D","12","D1621","D1530-D1625"
"E","12","D1622","D1530-D1625"
"F","12","D1623","D1530-D1625"
"G","12","D1624","D1530-D1625"
"H","12","D1625","D1530-D1625"
"A","1","D1626","D1626-D1721"
"B","1","D1627","D1626-D1721"
"C","1","D1628","D1626-D1721"
"D","1","D1629","D1626-D1721"
"E","1","D1630","D1626-D1721"
"F","1","D1631","D1626-D1721"
"G","1","D1632","D1626-D1721"
"H","1","D1633","D1626-D1721"
"A","2","D1634","D1626-D1721"
"B","2","D1635","D1626-D1721"
"C","2","D1636","D1626-D1721"
"D","2","D1637","D1626-D1721"
"E","2","D1638","D1626-D1721"
"F","2","D1639","D1626-D1721"
"G","2","D1640","D1626-D1721"
"H","2","D1641","D1626-D1721"
"A","3","D1642","D1626-D1721"
"B","3","D1643","D1626-D1721"
"C","3","D1644","D1626-D1721"
"D","3","D1645","D1626-D1721"
"E","3","D1646","D1626-D1721"
"F","3","D1647","D1626-D1721"
"G","3","D1648","D1626-D1721"
"H","3","D1649","D1626-D1721"
"A","4","D1650","D1626-D1721"
"B","4","D1651","D1626-D1721"
"C","4","D1652","D1626-D1721"
"D","4","D1653","D1626-D1721"
"E","4","D1654","D1626-D1721"
"F","4","D1655","D1626-D1721"
"G","4","D1656","D1626-D1721"
"H","4","D1657","D1626-D1721"
"A","5","D1658","D1626-D1721"
"B","5","D1659","D1626-D1721"
"C","5","D1660","D1626-D1721"
"D","5","D1661","D1626-D1721"
"E","5","D1662","D1626-D1721"
"F","5","D1663","D1626-D1721"
"G","5","D1664","D1626-D1721"
"H","5","D1665","D1626-D1721"
"A","6","D1666","D1626-D1721"
"B","6","D1667","D1626-D1721"
"C","6","D1668","D1626-D1721"
"D","6","D1669","D1626-D1721"
"E","6","D1670","D1626-D1721"
"F","6","D1671","D1626-D1721"
"G","6","D1672","D1626-D1721"
"H","6","D1673","D1626-D1721"
"A","7","D1674","D1626-D1721"
"B","7","D1675","D1626-D1721"
"C","7","D1676","D1626-D1721"
"D","7","D1677","D1626-D1721"
"E","7","D1678","D1626-D1721"
"F","7","D1679","D1626-D1721"
"G","7","D1680","D1626-D1721"
"H","7","D1681","D1626-D1721"
"A","8","D1682","D1626-D1721"
"B","8","D1683","D1626-D1721"
"C","8","D1684","D1626-D1721"
"D","8","D1685","D1626-D1721"
"E","8","D1686","D1626-D1721"
"F","8","D1687","D1626-D1721"
"G","8","D1688","D1626-D1721"
"H","8","D1689","D1626-D1721"
"A","9","D1690","D1626-D1721"
"B","9","D1691","D1626-D1721"
"C","9","D1692","D1626-D1721"
"D","9","D1693","D1626-D1721"
"E","9","D1694","D1626-D1721"
"F","9","D1695","D1626-D1721"
"G","9","D1696","D1626-D1721"
"H","9","D1697","D1626-D1721"
"A","10","D1698","D1626-D1721"
"B","10","D1699","D1626-D1721"
"C","10","D1700","D1626-D1721"
"D","10","D1701","D1626-D1721"
"E","10","D1702","D1626-D1721"
"F","10","D1703","D1626-D1721"
"G","10","D1704","D1626-D1721"
"H","10","D1705","D1626-D1721"
"A","11","D1706","D1626-D1721"
"B","11","D1707","D1626-D1721"
"C","11","D1708","D1626-D1721"
"D","11","D1709","D1626-D1721"
"E","11","D1710","D1626-D1721"
"F","11","D1711","D1626-D1721"
"G","11","D1712","D1626-D1721"
"H","11","D1713","D1626-D1721"
"A","12","D1714","D1626-D1721"
"B","12","D1715","D1626-D1721"
"C","12","D1716","D1626-D1721"
"D","12","D1717","D1626-D1721"
"E","12","D1718","D1626-D1721"
"F","12","D1719","D1626-D1721"
"G","12","D1720","D1626-D1721"
"H","12","D1721","D1626-D1721"
"A","1","D1722","D1722-NA"
"B","1","D1723","D1722-NA"
"C","1","D1724","D1722-NA"
"D","1","D1725","D1722-NA"
"E","1","D1726","D1722-NA"
"F","1","D1727","D1722-NA"
"G","1","D1728","D1722-NA"
"H","1","D1729","D1722-NA"
"A","2","D1730","D1722-NA"
"B","2","D1731","D1722-NA"
"C","2","D1732","D1722-NA"
"D","2","D1733","D1722-NA"
"E","2","D1734","D1722-NA"
"F","2","D1735","D1722-NA"
"G","2","D1736","D1722-NA"
"H","2","D1737","D1722-NA"
"A","3","D1738","D1722-NA"
"B","3","D1739","D1722-NA"
"C","3","D1740","D1722-NA"
"D","3","D1741","D1722-NA"
"E","3","D1742","D1722-NA"
"F","3","D1743","D1722-NA"
"G","3","D1744","D1722-NA"
"H","3","D1745","D1722-NA"
"A","4","D1746","D1722-NA"
"B","4","D1747","D1722-NA"
"C","4","D1748","D1722-NA"
"D","4","D1749","D1722-NA"
"E","4","D1750","D1722-NA"
"F","4","D1751","D1722-NA"
"G","4","D1752","D1722-NA"
"H","4","D1753","D1722-NA"
"A","5","D1754","D1722-NA"
"B","5","D1755","D1722-NA"
"C","5","D1756","D1722-NA"
"D","5","D1757","D1722-NA"
"E","5","D1758","D1722-NA"
"F","5","D1759","D1722-NA"
"G","5","D1760","D1722-NA"
"H","5","D1761","D1722-NA"
"A","6","D1762","D1722-NA"
"B","6","D1763","D1722-NA"
"C","6","D1764","D1722-NA"
"D","6","D1765","D1722-NA"
"E","6","D1766","D1722-NA"
"F","6","D1767","D1722-NA"
"G","6","D1768","D1722-NA"
"H","6","D1769","D1722-NA"
"A","7","D1770","D1722-NA"
"B","7","D1771","D1722-NA"
"C","7","D1772","D1722-NA"
"D","7","D1773","D1722-NA"
"E","7","D1774","D1722-NA"
"F","7","D1775","D1722-NA"
"G","7","D1776","D1722-NA"
"H","7","D1777","D1722-NA"
"A","8","D1778","D1722-NA"
"B","8","D1779","D1722-NA"
"C","8","D1780","D1722-NA"
"D","8","D1781","D1722-NA"
"E","8","D1782","D1722-NA"
"F","8","D1783","D1722-NA"
"G","8","D1784","D1722-NA"
"A","1","D1785","D1785-D1880"
"B","1","D1786","D1785-D1880"
"C","1","D1787","D1785-D1880"
"D","1","D1788","D1785-D1880"
"E","1","D1789","D1785-D1880"
"F","1","D1790","D1785-D1880"
"G","1","D1791","D1785-D1880"
"H","1","D1792","D1785-D1880"
"A","2","D1793","D1785-D1880"
"B","2","D1794","D1785-D1880"
"C","2","D1795","D1785-D1880"
"D","2","D1796","D1785-D1880"
"E","2","D1797","D1785-D1880"
"F","2","D1798","D1785-D1880"
"G","2","D1799","D1785-D1880"
"H","2","D1800","D1785-D1880"
"A","3","D1801","D1785-D1880"
"B","3","D1802","D1785-D1880"
"C","3","D1803","D1785-D1880"
"D","3","D1804","D1785-D1880"
"E","3","D1805","D1785-D1880"
"F","3","D1806","D1785-D1880"
"G","3","D1807","D1785-D1880"
"H","3","D1808","D1785-D1880"
"A","4","D1809","D1785-D1880"
"B","4","D1810","D1785-D1880"
"C","4","D1811","D1785-D1880"
"D","4","D1812","D1785-D1880"
"E","4","D1813","D1785-D1880"
"F","4","D1814","D1785-D1880"
"G","4","D1815","D1785-D1880"
"H","4","D1816","D1785-D1880"
"A","5","D1817","D1785-D1880"
"B","5","D1818","D1785-D1880"
"C","5","D1819","D1785-D1880"
"D","5","D1820","D1785-D1880"
"E","5","D1821","D1785-D1880"
"F","5","D1822","D1785-D1880"
"G","5","D1823","D1785-D1880"
"H","5","D1824","D1785-D1880"
"A","6","D1825","D1785-D1880"
"B","6","D1826","D1785-D1880"
"C","6","D1827","D1785-D1880"
"D","6","D1828","D1785-D1880"
"E","6","D1829","D1785-D1880"
"F","6","D1830","D1785-D1880"
"G","6","D1831","D1785-D1880"
"H","6","D1832","D1785-D1880"
"A","7","D1833","D1785-D1880"
"B","7","D1834","D1785-D1880"
"C","7","D1835","D1785-D1880"
"D","7","D1836","D1785-D1880"
"E","7","D1837","D1785-D1880"
"F","7","D1838","D1785-D1880"
"G","7","D1839","D1785-D1880"
"H","7","D1840","D1785-D1880"
"A","8","D1841","D1785-D1880"
"B","8","D1842","D1785-D1880"
"C","8","D1843","D1785-D1880"
"D","8","D1844","D1785-D1880"
"E","8","D1845","D1785-D1880"
"F","8","D1846","D1785-D1880"
"G","8","D1847","D1785-D1880"
"H","8","D1848","D1785-D1880"
"A","9","D1849","D1785-D1880"
"B","9","D1850","D1785-D1880"
"C","9","D1851","D1785-D1880"
"D","9","D1852","D1785-D1880"
"E","9","D1853","D1785-D1880"
"F","9","D1854","D1785-D1880"
"G","9","D1855","D1785-D1880"
"H","9","D1856","D1785-D1880"
"A","10","D1857","D1785-D1880"
"B","10","D1858","D1785-D1880"
"C","10","D1859","D1785-D1880"
"D","10","D1860","D1785-D1880"
"E","10","D1861","D1785-D1880"
"F","10","D1862","D1785-D1880"
"G","10","D1863","D1785-D1880"
"H","10","D1864","D1785-D1880"
"A","11","D1865","D1785-D1880"
"B","11","D1866","D1785-D1880"
"C","11","D1867","D1785-D1880"
"D","11","D1868","D1785-D1880"
"E","11","D1869","D1785-D1880"
"F","11","D1870","D1785-D1880"
"G","11","D1871","D1785-D1880"
"H","11","D1872","D1785-D1880"
"A","12","D1873","D1785-D1880"
"B","12","D1874","D1785-D1880"
"C","12","D1875","D1785-D1880"
"D","12","D1876","D1785-D1880"
"E","12","D1877","D1785-D1880"
"F","12","D1878","D1785-D1880"
"G","12","D1879","D1785-D1880"
"H","12","D1880","D1785-D1880"
"A","1","D1881","D1881-D1976"
"B","1","D1882","D1881-D1976"
"C","1","D1883","D1881-D1976"
"D","1","D1884","D1881-D1976"
"E","1","D1885","D1881-D1976"
"F","1","D1886","D1881-D1976"
"G","1","D1887","D1881-D1976"
"H","1","D1888","D1881-D1976"
"A","2","D1889","D1881-D1976"
"B","2","D1890","D1881-D1976"
"C","2","D1891","D1881-D1976"
"D","2","D1892","D1881-D1976"
"E","2","D1893","D1881-D1976"
"F","2","D1894","D1881-D1976"
"G","2","D1895","D1881-D1976"
"H","2","D1896","D1881-D1976"
"A","3","D1897","D1881-D1976"
"B","3","D1898","D1881-D1976"
"C","3","D1899","D1881-D1976"
"D","3","D1900","D1881-D1976"
"E","3","D1901","D1881-D1976"
"F","3","D1902","D1881-D1976"
"G","3","D1903","D1881-D1976"
"H","3","D1904","D1881-D1976"
"A","4","D1905","D1881-D1976"
"B","4","D1906","D1881-D1976"
"C","4","D1907","D1881-D1976"
"D","4","D1908","D1881-D1976"
"E","4","D1909","D1881-D1976"
"F","4","D1910","D1881-D1976"
"G","4","D1911","D1881-D1976"
"H","4","D1912","D1881-D1976"
"A","5","D1913","D1881-D1976"
"B","5","D1914","D1881-D1976"
"C","5","D1915","D1881-D1976"
"D","5","D1916","D1881-D1976"
"E","5","D1917","D1881-D1976"
"F","5","D1918","D1881-D1976"
"G","5","D1919","D1881-D1976"
"H","5","D1920","D1881-D1976"
"A","6","D1921","D1881-D1976"
"B","6","D1922","D1881-D1976"
"C","6","D1923","D1881-D1976"
"D","6","D1924","D1881-D1976"
"E","6","D1925","D1881-D1976"
"F","6","D1926","D1881-D1976"
"G","6","D1927","D1881-D1976"
"H","6","D1928","D1881-D1976"
"A","7","D1929","D1881-D1976"
"B","7","D1930","D1881-D1976"
"C","7","D1931","D1881-D1976"
"D","7","D1932","D1881-D1976"
"E","7","D1933","D1881-D1976"
"F","7","D1934","D1881-D1976"
"G","7","D1935","D1881-D1976"
"H","7","D1936","D1881-D1976"
"A","8","D1937","D1881-D1976"
"B","8","D1938","D1881-D1976"
"C","8","D1939","D1881-D1976"
"D","8","D1940","D1881-D1976"
"E","8","D1941","D1881-D1976"
"F","8","D1942","D1881-D1976"
"G","8","D1943","D1881-D1976"
"H","8","D1944","D1881-D1976"
"A","9","D1945","D1881-D1976"
"B","9","D1946","D1881-D1976"
"C","9","D1947","D1881-D1976"
"D","9","D1948","D1881-D1976"
"E","9","D1949","D1881-D1976"
"F","9","D1950","D1881-D1976"
"G","9","D1951","D1881-D1976"
"H","9","D1952","D1881-D1976"
"A","10","D1953","D1881-D1976"
"B","10","D1954","D1881-D1976"
"C","10","D1955","D1881-D1976"
"D","10","D1956","D1881-D1976"
"E","10","D1957","D1881-D1976"
"F","10","D1958","D1881-D1976"
"G","10","D1959","D1881-D1976"
"H","10","D1960","D1881-D1976"
"A","11","D1961","D1881-D1976"
"B","11","D1962","D1881-D1976"
"C","11","D1963","D1881-D1976"
"D","11","D1964","D1881-D1976"
"E","11","D1965","D1881-D1976"
"F","11","D1966","D1881-D1976"
"G","11","D1967","D1881-D1976"
"H","11","D1968","D1881-D1976"
"A","12","D1969","D1881-D1976"
"B","12","D1970","D1881-D1976"
"C","12","D1971","D1881-D1976"
"D","12","D1972","D1881-D1976"
"E","12","D1973","D1881-D1976"
"F","12","D1974","D1881-D1976"
"G","12","D1975","D1881-D1976"
"H","12","D1976","D1881-D1976"
"A","1","D1977","D1977-D2072"
"B","1","D1978","D1977-D2072"
"C","1","D1979","D1977-D2072"
"D","1","D1980","D1977-D2072"
"E","1","D1981","D1977-D2072"
"F","1","D1982","D1977-D2072"
"G","1","D1983","D1977-D2072"
"H","1","D1984","D1977-D2072"
"A","2","D1985","D1977-D2072"
"B","2","D1986","D1977-D2072"
"C","2","D1987","D1977-D2072"
"D","2","D1988","D1977-D2072"
"E","2","D1989","D1977-D2072"
"F","2","D1990","D1977-D2072"
"G","2","D1991","D1977-D2072"
"H","2","D1992","D1977-D2072"
"A","3","D1993","D1977-D2072"
"B","3","D1994","D1977-D2072"
"C","3","D1995","D1977-D2072"
"D","3","D1996","D1977-D2072"
"E","3","D1997","D1977-D2072"
"F","3","D1998","D1977-D2072"
"G","3","D1999","D1977-D2072"
"H","3","D2000","D1977-D2072"
"A","4","D2001","D1977-D2072"
"B","4","D2002","D1977-D2072"
"C","4","D2003","D1977-D2072"
"D","4","D2004","D1977-D2072"
"E","4","D2005","D1977-D2072"
"F","4","D2006","D1977-D2072"
"G","4","D2007","D1977-D2072"
"H","4","D2008","D1977-D2072"
"A","5","D2009","D1977-D2072"
"B","5","D2010","D1977-D2072"
"C","5","D2011","D1977-D2072"
"D","5","D2012","D1977-D2072"
"E","5","D2013","D1977-D2072"
"F","5","D2014","D1977-D2072"
"G","5","D2015","D1977-D2072"
"H","5","D2016","D1977-D2072"
"A","6","D2017","D1977-D2072"
"B","6","D2018","D1977-D2072"
"C","6","D2019","D1977-D2072"
"D","6","D2020","D1977-D2072"
"E","6","D2021","D1977-D2072"
"F","6","D2022","D1977-D2072"
"G","6","D2023","D1977-D2072"
"H","6","D2024","D1977-D2072"
"A","7","D2025","D1977-D2072"
"B","7","D2026","D1977-D2072"
"C","7","D2027","D1977-D2072"
"D","7","D2028","D1977-D2072"
"E","7","D2029","D1977-D2072"
"F","7","D2030","D1977-D2072"
"G","7","D2031","D1977-D2072"
"H","7","D2032","D1977-D2072"
"A","8","D2033","D1977-D2072"
"B","8","D2034","D1977-D2072"
"C","8","D2035","D1977-D2072"
"D","8","D2036","D1977-D2072"
"E","8","D2037","D1977-D2072"
"F","8","D2038","D1977-D2072"
"G","8","D2039","D1977-D2072"
"H","8","D2040","D1977-D2072"
"A","9","D2041","D1977-D2072"
"B","9","D2042","D1977-D2072"
"C","9","D2043","D1977-D2072"
"D","9","D2044","D1977-D2072"
"E","9","D2045","D1977-D2072"
"F","9","D2046","D1977-D2072"
"G","9","D2047","D1977-D2072"
"H","9","D2048","D1977-D2072"
"A","10","D2049","D1977-D2072"
"B","10","D2050","D1977-D2072"
"C","10","D2051","D1977-D2072"
"D","10","D2052","D1977-D2072"
"E","10","D2053","D1977-D2072"
"F","10","D2054","D1977-D2072"
"G","10","D2055","D1977-D2072"
"H","10","D2056","D1977-D2072"
"A","11","D2057","D1977-D2072"
"B","11","D2058","D1977-D2072"
"C","11","D2059","D1977-D2072"
"D","11","D2060","D1977-D2072"
"E","11","D2061","D1977-D2072"
"F","11","D2062","D1977-D2072"
"G","11","D2063","D1977-D2072"
"H","11","D2064","D1977-D2072"
"A","12","D2065","D1977-D2072"
"B","12","D2066","D1977-D2072"
"C","12","D2067","D1977-D2072"
"D","12","D2068","D1977-D2072"
"E","12","D2069","D1977-D2072"
"F","12","D2070","D1977-D2072"
"G","12","D2071","D1977-D2072"
"H","12","D2072","D1977-D2072"
"A","1","D2073","D2073-NA"
"B","1","D2074","D2073-NA"
"C","1","D2075","D2073-NA"
"D","1","D2076","D2073-NA"
"E","1","D2077","D2073-NA"
"F","1","D2078","D2073-NA"
"G","1","D2079","D2073-NA"
"H","1","D2080","D2073-NA"
"A","2","D2081","D2073-NA"
"B","2","D2082","D2073-NA"
"C","2","D2083","D2073-NA"
"D","2","D2084","D2073-NA"
"E","2","D2085","D2073-NA"
"F","2","D2086","D2073-NA"
"G","2","D2087","D2073-NA"
"H","2","D2088","D2073-NA"
"A","3","D2089","D2073-NA"
"B","3","D2090","D2073-NA"
"C","3","D2091","D2073-NA"
"D","3","D2092","D2073-NA"
"E","3","D2093","D2073-NA"
"F","3","D2094","D2073-NA"
"G","3","D2095","D2073-NA"
"H","3","D2096","D2073-NA"
"A","4","D2097","D2073-NA"
"B","4","D2098","D2073-NA"
"C","4","D2099","D2073-NA"
"D","4","D2100","D2073-NA"
"E","4","D2101","D2073-NA"
"F","4","D2102","D2073-NA"
"G","4","D2103","D2073-NA"
"H","4","D2104","D2073-NA"
"A","5","D2105","D2073-NA"
"B","5","D2106","D2073-NA"
"C","5","D2107","D2073-NA"
"D","5","D2108","D2073-NA"
"E","5","D2109","D2073-NA"
"F","5","D2110","D2073-NA"
"G","5","D2111","D2073-NA"
"H","5","D2112","D2073-NA"
"A","6","D2113","D2073-NA"
"B","6","D2114","D2073-NA"
"C","6","D2115","D2073-NA"
"D","6","D2116","D2073-NA"
"E","6","D2117","D2073-NA"
"F","6","D2118","D2073-NA"
"G","6","D2119","D2073-NA"
"H","6","D2120","D2073-NA"
"A","7","D2121","D2073-NA"
"B","7","D2122","D2073-NA"
"C","7","D2123","D2073-NA"
"D","7","D2124","D2073-NA"
"E","7","D2125","D2073-NA"
"F","7","D2126","D2073-NA"
"G","7","D2127","D2073-NA"
"H","7","D2128","D2073-NA"
"A","8","D2129","D2073-NA"
"B","8","D2130","D2073-NA"
"C","8","D2131","D2073-NA"
"D","8","D2132","D2073-NA"
"E","8","D2133","D2073-NA"
"F","8","D2134","D2073-NA"
"G","8","D2135","D2073-NA"
"H","8","D2136","D2073-NA"
"A","9","D2137","D2073-NA"
"B","9","D2138","D2073-NA"
"C","9","D2139","D2073-NA"
"D","9","D2140","D2073-NA"
"E","9","D2141","D2073-NA"
"F","9","D2142","D2073-NA"
"G","9","D2143","D2073-NA"
"H","9","D2144","D2073-NA"
"A","10","D2145","D2073-NA"
"B","10","D2146","D2073-NA"
"C","10","D2147","D2073-NA"
"D","10","D2148","D2073-NA"
"E","10","D2149","D2073-NA"
"F","10","D2150","D2073-NA"
"G","10","D2151","D2073-NA"
"H","10","D2152","D2073-NA"
"A","11","D2153","D2073-NA"
"B","11","D2154","D2073-NA"
"A","1","D2155","1-NA"
"B","1","D2156","1-NA"
"C","1","D2157","1-NA"
"D","1","D2158","1-NA"
"E","1","D2159","1-NA"
"F","1","D2160","1-NA"
"G","1","D2161","1-NA"
"A","2","D2163","1-NA"
"B","2","D2164","1-NA"
"C","2","D2165","1-NA"
"D","2","D2166","1-NA"
"E","2","D2167","1-NA"
"F","2","D2168","1-NA"
"G","2","D2169","1-NA"
"A","3","D2171","1-NA"
"B","3","D2172","1-NA"
"C","3","D2173","1-NA"
"D","3","D2174","1-NA"
"E","3","D2175","1-NA"
"F","3","D2176","1-NA"
"G","3","D2177","1-NA"
"A","4","D2179","1-NA"
"B","4","D2180","1-NA"
"C","4","D2181","1-NA"
"D","4","D2182","1-NA"
"E","4","D2183","1-NA"
"F","4","D2184","1-NA"
"G","4","D2185","1-NA"
"A","5","D2187","1-NA"
"B","5","D2188","1-NA"
"C","5","D2189","1-NA"
"D","5","D2190","1-NA"
"E","5","D2191","1-NA"
"F","5","D2192","1-NA"
"G","5","D2193","1-NA"
"A","6","D2195","1-NA"
"B","6","D2196","1-NA"
"C","6","D2197","1-NA"
"D","6","D2198","1-NA"
"A","1","D2199","D2199-D2294"
"B","1","D2200","D2199-D2294"
"C","1","D2201","D2199-D2294"
"D","1","D2202","D2199-D2294"
"E","1","D2203","D2199-D2294"
"F","1","D2204","D2199-D2294"
"G","1","D2205","D2199-D2294"
"H","1","D2206","D2199-D2294"
"A","2","D2207","D2199-D2294"
"B","2","D2208","D2199-D2294"
"C","2","D2209","D2199-D2294"
"D","2","D2210","D2199-D2294"
"E","2","D2211","D2199-D2294"
"F","2","D2212","D2199-D2294"
"G","2","D2213","D2199-D2294"
"H","2","D2214","D2199-D2294"
"A","3","D2215","D2199-D2294"
"B","3","D2216","D2199-D2294"
"C","3","D2217","D2199-D2294"
"D","3","D2218","D2199-D2294"
"E","3","D2219","D2199-D2294"
"F","3","D2220","D2199-D2294"
"G","3","D2221","D2199-D2294"
"H","3","D2222","D2199-D2294"
"A","4","D2223","D2199-D2294"
"B","4","D2224","D2199-D2294"
"C","4","D2225","D2199-D2294"
"D","4","D2226","D2199-D2294"
"E","4","D2227","D2199-D2294"
"F","4","D2228","D2199-D2294"
"G","4","D2229","D2199-D2294"
"H","4","D2230","D2199-D2294"
"A","5","D2231","D2199-D2294"
"B","5","D2232","D2199-D2294"
"C","5","D2233","D2199-D2294"
"D","5","D2234","D2199-D2294"
"E","5","D2235","D2199-D2294"
"F","5","D2236","D2199-D2294"
"G","5","D2237","D2199-D2294"
"H","5","D2238","D2199-D2294"
"A","6","D2239","D2199-D2294"
"B","6","D2240","D2199-D2294"
"C","6","D2241","D2199-D2294"
"D","6","D2242","D2199-D2294"
"E","6","D2243","D2199-D2294"
"F","6","D2244","D2199-D2294"
"G","6","D2245","D2199-D2294"
"H","6","D2246","D2199-D2294"
"A","7","D2247","D2199-D2294"
"B","7","D2248","D2199-D2294"
"C","7","D2249","D2199-D2294"
"D","7","D2250","D2199-D2294"
"E","7","D2251","D2199-D2294"
"F","7","D2252","D2199-D2294"
"G","7","D2253","D2199-D2294"
"H","7","D2254","D2199-D2294"
"A","8","D2255","D2199-D2294"
"B","8","D2256","D2199-D2294"
"C","8","D2257","D2199-D2294"
"D","8","D2258","D2199-D2294"
"E","8","D2259","D2199-D2294"
"F","8","D2260","D2199-D2294"
"G","8","D2261","D2199-D2294"
"H","8","D2262","D2199-D2294"
"A","9","D2263","D2199-D2294"
"B","9","D2264","D2199-D2294"
"C","9","D2265","D2199-D2294"
"D","9","D2266","D2199-D2294"
"E","9","D2267","D2199-D2294"
"F","9","D2268","D2199-D2294"
"G","9","D2269","D2199-D2294"
"H","9","D2270","D2199-D2294"
"A","10","D2271","D2199-D2294"
"B","10","D2272","D2199-D2294"
"C","10","D2273","D2199-D2294"
"D","10","D2274","D2199-D2294"
"E","10","D2275","D2199-D2294"
"F","10","D2276","D2199-D2294"
"G","10","D2277","D2199-D2294"
"H","10","D2278","D2199-D2294"
"A","11","D2279","D2199-D2294"
"B","11","D2280","D2199-D2294"
"C","11","D2281","D2199-D2294"
"D","11","D2282","D2199-D2294"
"E","11","D2283","D2199-D2294"
"F","11","D2284","D2199-D2294"
"G","11","D2285","D2199-D2294"
"H","11","D2286","D2199-D2294"
"A","12","D2287","D2199-D2294"
"B","12","D2288","D2199-D2294"
"C","12","D2289","D2199-D2294"
"D","12","D2290","D2199-D2294"
"E","12","D2291","D2199-D2294"
"F","12","D2292","D2199-D2294"
"G","12","D2293","D2199-D2294"
"H","12","D2294","D2199-D2294"
"A","1","D2295","1-D2389"
"B","1","D2296","1-D2389"
"C","1","D2297","1-D2389"
"D","1","D2298","1-D2389"
"E","1","D2299","1-D2389"
"F","1","D2300","1-D2389"
"G","1","D2301","1-D2389"
"A","2","D2303","1-D2389"
"B","2","D2304","1-D2389"
"C","2","D2305","1-D2389"
"D","2","D2306","1-D2389"
"E","2","D2307","1-D2389"
"F","2","D2308","1-D2389"
"G","2","D2309","1-D2389"
"A","3","D2311","1-D2389"
"B","3","D2312","1-D2389"
"C","3","D2313","1-D2389"
"D","3","D2314","1-D2389"
"E","3","D2315","1-D2389"
"F","3","D2316","1-D2389"
"G","3","D2317","1-D2389"
"A","4","D2319","1-D2389"
"B","4","D2320","1-D2389"
"C","4","D2321","1-D2389"
"D","4","D2322","1-D2389"
"E","4","D2323","1-D2389"
"F","4","D2324","1-D2389"
"G","4","D2325","1-D2389"
"A","5","D2327","1-D2389"
"B","5","D2328","1-D2389"
"C","5","D2329","1-D2389"
"D","5","D2330","1-D2389"
"E","5","D2331","1-D2389"
"F","5","D2332","1-D2389"
"G","5","D2333","1-D2389"
"A","6","D2335","1-D2389"
"B","6","D2336","1-D2389"
"C","6","D2337","1-D2389"
"D","6","D2338","1-D2389"
"E","6","D2339","1-D2389"
"F","6","D2340","1-D2389"
"G","6","D2341","1-D2389"
"A","7","D2343","1-D2389"
"B","7","D2344","1-D2389"
"C","7","D2345","1-D2389"
"D","7","D2346","1-D2389"
"E","7","D2347","1-D2389"
"F","7","D2348","1-D2389"
"G","7","D2349","1-D2389"
"A","8","D2351","1-D2389"
"B","8","D2352","1-D2389"
"C","8","D2353","1-D2389"
"D","8","D2354","1-D2389"
"E","8","D2355","1-D2389"
"F","8","D2356","1-D2389"
"G","8","D2357","1-D2389"
"A","9","D2359","1-D2389"
"B","9","D2360","1-D2389"
"C","9","D2361","1-D2389"
"D","9","D2362","1-D2389"
"E","9","D2363","1-D2389"
"F","9","D2364","1-D2389"
"G","9","D2365","1-D2389"
"A","10","D2367","1-D2389"
"B","10","D2368","1-D2389"
"C","10","D2369","1-D2389"
"D","10","D2370","1-D2389"
"E","10","D2371","1-D2389"
"F","10","D2372","1-D2389"
"G","10","D2373","1-D2389"
"A","11","D2375","1-D2389"
"B","11","D2376","1-D2389"
"C","11","D2377","1-D2389"
"D","11","D2378","1-D2389"
"E","11","D2379","1-D2389"
"F","11","D2380","1-D2389"
"G","11","D2381","1-D2389"
"A","12","D2383","1-D2389"
"B","12","D2384","1-D2389"
"C","12","D2385","1-D2389"
"D","12","D2386","1-D2389"
"E","12","D2387","1-D2389"
"F","12","D2388","1-D2389"
"G","12","D2389","1-D2389"
"A","1","D2391","1-XXXX_D2485"
"B","1","D2392","1-XXXX_D2485"
"C","1","D2393","1-XXXX_D2485"
"D","1","D2394","1-XXXX_D2485"
"E","1","D2395","1-XXXX_D2485"
"F","1","D2396","1-XXXX_D2485"
"G","1","D2397","1-XXXX_D2485"
"A","2","D2399","1-XXXX_D2485"
"B","2","D2400","1-XXXX_D2485"
"C","2","D2401","1-XXXX_D2485"
"D","2","D2402","1-XXXX_D2485"
"E","2","D2403","1-XXXX_D2485"
"F","2","D2404","1-XXXX_D2485"
"G","2","D2405","1-XXXX_D2485"
"A","3","D2407","1-XXXX_D2485"
"B","3","D2408","1-XXXX_D2485"
"C","3","D2409","1-XXXX_D2485"
"D","3","D2410","1-XXXX_D2485"
"E","3","D2411","1-XXXX_D2485"
"F","3","D2412","1-XXXX_D2485"
"G","3","D2413","1-XXXX_D2485"
"A","4","D2415","1-XXXX_D2485"
"B","4","D2416","1-XXXX_D2485"
"C","4","D2417","1-XXXX_D2485"
"D","4","D2418","1-XXXX_D2485"
"E","4","D2419","1-XXXX_D2485"
"F","4","D2420","1-XXXX_D2485"
"G","4","D2421","1-XXXX_D2485"
"A","5","D2423","1-XXXX_D2485"
"B","5","D2424","1-XXXX_D2485"
"C","5","D2425","1-XXXX_D2485"
"D","5","D2426","1-XXXX_D2485"
"E","5","D2427","1-XXXX_D2485"
"F","5","D2428","1-XXXX_D2485"
"G","5","D2429","1-XXXX_D2485"
"A","6","D2431","1-XXXX_D2485"
"B","6","D2432","1-XXXX_D2485"
"C","6","D2433","1-XXXX_D2485"
"D","6","D2434","1-XXXX_D2485"
"E","6","D2435","1-XXXX_D2485"
"F","6","D2436","1-XXXX_D2485"
"G","6","D2437","1-XXXX_D2485"
"A","7","D2439","1-XXXX_D2485"
"B","7","D2440","1-XXXX_D2485"
"C","7","D2441","1-XXXX_D2485"
"D","7","D2442","1-XXXX_D2485"
"E","7","D2443","1-XXXX_D2485"
"F","7","D2444","1-XXXX_D2485"
"G","7","D2445","1-XXXX_D2485"
"A","8","D2447","1-XXXX_D2485"
"B","8","D2448","1-XXXX_D2485"
"C","8","D2449","1-XXXX_D2485"
"D","8","D2450","1-XXXX_D2485"
"E","8","D2451","1-XXXX_D2485"
"F","8","D2452","1-XXXX_D2485"
"G","8","D2453","1-XXXX_D2485"
"A","9","D2455","1-XXXX_D2485"
"B","9","D2456","1-XXXX_D2485"
"C","9","D2457","1-XXXX_D2485"
"D","9","D2458","1-XXXX_D2485"
"E","9","D2459","1-XXXX_D2485"
"F","9","D2460","1-XXXX_D2485"
"G","9","D2461","1-XXXX_D2485"
"A","10","D2463","1-XXXX_D2485"
"B","10","D2464","1-XXXX_D2485"
"C","10","D2465","1-XXXX_D2485"
"D","10","D2466","1-XXXX_D2485"
"E","10","D2467","1-XXXX_D2485"
"F","10","D2468","1-XXXX_D2485"
"G","10","D2469","1-XXXX_D2485"
"A","11","D2471","1-XXXX_D2485"
"B","11","D2472","1-XXXX_D2485"
"C","11","D2473","1-XXXX_D2485"
"D","11","D2474","1-XXXX_D2485"
"E","11","D2475","1-XXXX_D2485"
"F","11","D2476","1-XXXX_D2485"
"G","11","D2477","1-XXXX_D2485"
"A","12","D2479","1-XXXX_D2485"
"B","12","D2480","1-XXXX_D2485"
"C","12","D2481","1-XXXX_D2485"
"D","12","D2482","1-XXXX_D2485"
"E","12","D2483","1-XXXX_D2485"
"F","12","D2484","1-XXXX_D2485"
"G","12","D2485","1-XXXX_D2485"
"A","1","D2487","1-NA"
"B","1","D2488","1-NA"
"C","1","D2489","1-NA"
"D","1","D2490","1-NA"
"E","1","D2491","1-NA"
"F","1","D2492","1-NA"
"G","1","D2493","1-NA"
"A","2","D2495","1-NA"
"B","2","D2496","1-NA"
"C","2","D2497","1-NA"
"D","2","D2498","1-NA"
"E","2","D2499","1-NA"
"F","2","D2500","1-NA"
"G","2","D2501","1-NA"
"A","3","D2503","1-NA"
"B","3","D2504","1-NA"
"C","3","D2505","1-NA"
"D","3","D2506","1-NA"
"E","3","D2507","1-NA"
"F","3","D2508","1-NA"
"G","3","D2509","1-NA"
"A","4","D2703","1-NA"
"A","1","D2511","D2511-D2606"
"B","1","D2512","D2511-D2606"
"C","1","D2513","D2511-D2606"
"D","1","D2514","D2511-D2606"
"E","1","D2515","D2511-D2606"
"F","1","D2516","D2511-D2606"
"G","1","D2517","D2511-D2606"
"H","1","D2518","D2511-D2606"
"A","2","D2519","D2511-D2606"
"B","2","D2520","D2511-D2606"
"C","2","D2521","D2511-D2606"
"D","2","D2522","D2511-D2606"
"E","2","D2523","D2511-D2606"
"F","2","D2524","D2511-D2606"
"G","2","D2525","D2511-D2606"
"H","2","D2526","D2511-D2606"
"A","3","D2527","D2511-D2606"
"B","3","D2528","D2511-D2606"
"C","3","D2529","D2511-D2606"
"D","3","D2530","D2511-D2606"
"E","3","D2531","D2511-D2606"
"F","3","D2532","D2511-D2606"
"G","3","D2533","D2511-D2606"
"H","3","D2534","D2511-D2606"
"A","4","D2535","D2511-D2606"
"B","4","D2536","D2511-D2606"
"C","4","D2537","D2511-D2606"
"D","4","D2538","D2511-D2606"
"E","4","D2539","D2511-D2606"
"F","4","D2540","D2511-D2606"
"G","4","D2541","D2511-D2606"
"H","4","D2542","D2511-D2606"
"A","5","D2543","D2511-D2606"
"B","5","D2544","D2511-D2606"
"C","5","D2545","D2511-D2606"
"D","5","D2546","D2511-D2606"
"E","5","D2547","D2511-D2606"
"F","5","D2548","D2511-D2606"
"G","5","D2549","D2511-D2606"
"H","5","D2550","D2511-D2606"
"A","6","D2551","D2511-D2606"
"B","6","D2552","D2511-D2606"
"C","6","D2553","D2511-D2606"
"D","6","D2554","D2511-D2606"
"E","6","D2555","D2511-D2606"
"F","6","D2556","D2511-D2606"
"G","6","D2557","D2511-D2606"
"H","6","D2558","D2511-D2606"
"A","7","D2559","D2511-D2606"
"B","7","D2560","D2511-D2606"
"C","7","D2561","D2511-D2606"
"D","7","D2562","D2511-D2606"
"E","7","D2563","D2511-D2606"
"F","7","D2564","D2511-D2606"
"G","7","D2565","D2511-D2606"
"H","7","D2566","D2511-D2606"
"A","8","D2567","D2511-D2606"
"B","8","D2568","D2511-D2606"
"C","8","D2569","D2511-D2606"
"D","8","D2570","D2511-D2606"
"E","8","D2571","D2511-D2606"
"F","8","D2572","D2511-D2606"
"G","8","D2573","D2511-D2606"
"H","8","D2574","D2511-D2606"
"A","9","D2575","D2511-D2606"
"B","9","D2576","D2511-D2606"
"C","9","D2577","D2511-D2606"
"D","9","D2578","D2511-D2606"
"E","9","D2579","D2511-D2606"
"F","9","D2580","D2511-D2606"
"G","9","D2581","D2511-D2606"
"H","9","D2582","D2511-D2606"
"A","10","D2583","D2511-D2606"
"B","10","D2584","D2511-D2606"
"C","10","D2585","D2511-D2606"
"D","10","D2586","D2511-D2606"
"E","10","D2587","D2511-D2606"
"F","10","D2588","D2511-D2606"
"G","10","D2589","D2511-D2606"
"H","10","D2590","D2511-D2606"
"A","11","D2591","D2511-D2606"
"B","11","D2592","D2511-D2606"
"C","11","D2593","D2511-D2606"
"D","11","D2594","D2511-D2606"
"E","11","D2595","D2511-D2606"
"F","11","D2596","D2511-D2606"
"G","11","D2597","D2511-D2606"
"H","11","D2598","D2511-D2606"
"A","12","D2599","D2511-D2606"
"B","12","D2600","D2511-D2606"
"C","12","D2601","D2511-D2606"
"D","12","D2602","D2511-D2606"
"E","12","D2603","D2511-D2606"
"F","12","D2604","D2511-D2606"
"G","12","D2605","D2511-D2606"
"H","12","D2606","D2511-D2606"
"A","1","D2607","D2607-D2702"
"B","1","D2608","D2607-D2702"
"C","1","D2609","D2607-D2702"
"D","1","D2610","D2607-D2702"
"E","1","D2611","D2607-D2702"
"F","1","D2612","D2607-D2702"
"G","1","D2613","D2607-D2702"
"H","1","D2614","D2607-D2702"
"A","2","D2615","D2607-D2702"
"B","2","D2616","D2607-D2702"
"C","2","D2617","D2607-D2702"
"D","2","D2618","D2607-D2702"
"E","2","D2619","D2607-D2702"
"F","2","D2620","D2607-D2702"
"G","2","D2621","D2607-D2702"
"H","2","D2622","D2607-D2702"
"A","3","D2623","D2607-D2702"
"B","3","D2624","D2607-D2702"
"C","3","D2625","D2607-D2702"
"D","3","D2626","D2607-D2702"
"E","3","D2627","D2607-D2702"
"F","3","D2628","D2607-D2702"
"G","3","D2629","D2607-D2702"
"H","3","D2630","D2607-D2702"
"A","4","D2631","D2607-D2702"
"B","4","D2632","D2607-D2702"
"C","4","D2633","D2607-D2702"
"D","4","D2634","D2607-D2702"
"E","4","D2635","D2607-D2702"
"F","4","D2636","D2607-D2702"
"G","4","D2637","D2607-D2702"
"H","4","D2638","D2607-D2702"
"A","5","D2639","D2607-D2702"
"B","5","D2640","D2607-D2702"
"C","5","D2641","D2607-D2702"
"D","5","D2642","D2607-D2702"
"E","5","D2643","D2607-D2702"
"F","5","D2644","D2607-D2702"
"G","5","D2645","D2607-D2702"
"H","5","D2646","D2607-D2702"
"A","6","D2647","D2607-D2702"
"B","6","D2648","D2607-D2702"
"C","6","D2649","D2607-D2702"
"D","6","D2650","D2607-D2702"
"E","6","D2651","D2607-D2702"
"F","6","D2652","D2607-D2702"
"G","6","D2653","D2607-D2702"
"H","6","D2654","D2607-D2702"
"A","7","D2655","D2607-D2702"
"B","7","D2656","D2607-D2702"
"C","7","D2657","D2607-D2702"
"D","7","D2658","D2607-D2702"
"E","7","D2659","D2607-D2702"
"F","7","D2660","D2607-D2702"
"G","7","D2661","D2607-D2702"
"H","7","D2662","D2607-D2702"
"A","8","D2663","D2607-D2702"
"B","8","D2664","D2607-D2702"
"C","8","D2665","D2607-D2702"
"D","8","D2666","D2607-D2702"
"E","8","D2667","D2607-D2702"
"F","8","D2668","D2607-D2702"
"G","8","D2669","D2607-D2702"
"H","8","D2670","D2607-D2702"
"A","9","D2671","D2607-D2702"
"B","9","D2672","D2607-D2702"
"C","9","D2673","D2607-D2702"
"D","9","D2674","D2607-D2702"
"E","9","D2675","D2607-D2702"
"F","9","D2676","D2607-D2702"
"G","9","D2677","D2607-D2702"
"H","9","D2678","D2607-D2702"
"A","10","D2679","D2607-D2702"
"B","10","D2680","D2607-D2702"
"C","10","D2681","D2607-D2702"
"D","10","D2682","D2607-D2702"
"E","10","D2683","D2607-D2702"
"F","10","D2684","D2607-D2702"
"G","10","D2685","D2607-D2702"
"H","10","D2686","D2607-D2702"
"A","11","D2687","D2607-D2702"
"B","11","D2688","D2607-D2702"
"C","11","D2689","D2607-D2702"
"D","11","D2690","D2607-D2702"
"E","11","D2691","D2607-D2702"
"F","11","D2692","D2607-D2702"
"G","11","D2693","D2607-D2702"
"H","11","D2694","D2607-D2702"
"A","12","D2695","D2607-D2702"
"B","12","D2696","D2607-D2702"
"C","12","D2697","D2607-D2702"
"D","12","D2698","D2607-D2702"
"E","12","D2699","D2607-D2702"
"F","12","D2700","D2607-D2702"
"G","12","D2701","D2607-D2702"
"H","12","D2702","D2607-D2702"
"A","1","D2704","D2704-D2711"
"B","1","D2705","D2704-D2711"
"C","1","D2706","D2704-D2711"
"D","1","D2707","D2704-D2711"
"E","1","D2708","D2704-D2711"
"F","1","D2709","D2704-D2711"
"G","1","D2710","D2704-D2711"
"H","1","D2711","D2704-D2711"
"A","1","D2712","D2712-D2807"
"B","1","D2713","D2712-D2807"
"C","1","D2714","D2712-D2807"
"D","1","D2715","D2712-D2807"
"E","1","D2716","D2712-D2807"
"F","1","D2717","D2712-D2807"
"G","1","D2718","D2712-D2807"
"H","1","D2719","D2712-D2807"
"A","2","D2720","D2712-D2807"
"B","2","D2721","D2712-D2807"
"C","2","D2722","D2712-D2807"
"D","2","D2723","D2712-D2807"
"E","2","D2724","D2712-D2807"
"F","2","D2725","D2712-D2807"
"G","2","D2726","D2712-D2807"
"H","2","D2727","D2712-D2807"
"A","3","D2728","D2712-D2807"
"B","3","D2729","D2712-D2807"
"C","3","D2730","D2712-D2807"
"D","3","D2731","D2712-D2807"
"E","3","D2732","D2712-D2807"
"F","3","D2733","D2712-D2807"
"G","3","D2734","D2712-D2807"
"H","3","D2735","D2712-D2807"
"A","4","D2736","D2712-D2807"
"B","4","D2737","D2712-D2807"
"C","4","D2738","D2712-D2807"
"D","4","D2739","D2712-D2807"
"E","4","D2740","D2712-D2807"
"F","4","D2741","D2712-D2807"
"G","4","D2742","D2712-D2807"
"H","4","D2743","D2712-D2807"
"A","5","D2744","D2712-D2807"
"B","5","D2745","D2712-D2807"
"C","5","D2746","D2712-D2807"
"D","5","D2747","D2712-D2807"
"E","5","D2748","D2712-D2807"
"F","5","D2749","D2712-D2807"
"G","5","D2750","D2712-D2807"
"H","5","D2751","D2712-D2807"
"A","6","D2752","D2712-D2807"
"B","6","D2753","D2712-D2807"
"C","6","D2754","D2712-D2807"
"D","6","D2755","D2712-D2807"
"E","6","D2756","D2712-D2807"
"F","6","D2757","D2712-D2807"
"G","6","D2758","D2712-D2807"
"H","6","D2759","D2712-D2807"
"A","7","D2760","D2712-D2807"
"B","7","D2761","D2712-D2807"
"C","7","D2762","D2712-D2807"
"D","7","D2763","D2712-D2807"
"E","7","D2764","D2712-D2807"
"F","7","D2765","D2712-D2807"
"G","7","D2766","D2712-D2807"
"H","7","D2767","D2712-D2807"
"A","8","D2768","D2712-D2807"
"B","8","D2769","D2712-D2807"
"C","8","D2770","D2712-D2807"
"D","8","D2771","D2712-D2807"
"E","8","D2772","D2712-D2807"
"F","8","D2773","D2712-D2807"
"G","8","D2774","D2712-D2807"
"H","8","D2775","D2712-D2807"
"A","9","D2776","D2712-D2807"
"B","9","D2777","D2712-D2807"
"C","9","D2778","D2712-D2807"
"D","9","D2779","D2712-D2807"
"E","9","D2780","D2712-D2807"
"F","9","D2781","D2712-D2807"
"G","9","D2782","D2712-D2807"
"H","9","D2783","D2712-D2807"
"A","10","D2784","D2712-D2807"
"B","10","D2785","D2712-D2807"
"C","10","D2786","D2712-D2807"
"D","10","D2787","D2712-D2807"
"E","10","D2788","D2712-D2807"
"F","10","D2789","D2712-D2807"
"G","10","D2790","D2712-D2807"
"H","10","D2791","D2712-D2807"
"A","11","D2792","D2712-D2807"
"B","11","D2793","D2712-D2807"
"C","11","D2794","D2712-D2807"
"D","11","D2795","D2712-D2807"
"E","11","D2796","D2712-D2807"
"F","11","D2797","D2712-D2807"
"G","11","D2798","D2712-D2807"
"H","11","D2799","D2712-D2807"
"A","12","D2800","D2712-D2807"
"B","12","D2801","D2712-D2807"
"C","12","D2802","D2712-D2807"
"D","12","D2803","D2712-D2807"
"E","12","D2804","D2712-D2807"
"F","12","D2805","D2712-D2807"
"G","12","D2806","D2712-D2807"
"H","12","D2807","D2712-D2807"
"A","1","D2808","D2808-D2903"
"B","1","D2809","D2808-D2903"
"C","1","D2810","D2808-D2903"
"D","1","D2811","D2808-D2903"
"E","1","D2812","D2808-D2903"
"F","1","D2813","D2808-D2903"
"G","1","D2814","D2808-D2903"
"H","1","D2815","D2808-D2903"
"A","2","D2816","D2808-D2903"
"B","2","D2817","D2808-D2903"
"C","2","D2818","D2808-D2903"
"D","2","D2819","D2808-D2903"
"E","2","D2820","D2808-D2903"
"F","2","D2821","D2808-D2903"
"G","2","D2822","D2808-D2903"
"H","2","D2823","D2808-D2903"
"A","3","D2824","D2808-D2903"
"B","3","D2825","D2808-D2903"
"C","3","D2826","D2808-D2903"
"D","3","D2827","D2808-D2903"
"E","3","D2828","D2808-D2903"
"F","3","D2829","D2808-D2903"
"G","3","D2830","D2808-D2903"
"H","3","D2831","D2808-D2903"
"A","4","D2832","D2808-D2903"
"B","4","D2833","D2808-D2903"
"C","4","D2834","D2808-D2903"
"D","4","D2835","D2808-D2903"
"E","4","D2836","D2808-D2903"
"F","4","D2837","D2808-D2903"
"G","4","D2838","D2808-D2903"
"H","4","D2839","D2808-D2903"
"A","5","D2840","D2808-D2903"
"B","5","D2841","D2808-D2903"
"C","5","D2842","D2808-D2903"
"D","5","D2843","D2808-D2903"
"E","5","D2844","D2808-D2903"
"F","5","D2845","D2808-D2903"
"G","5","D2846","D2808-D2903"
"H","5","D2847","D2808-D2903"
"A","6","D2848","D2808-D2903"
"B","6","D2849","D2808-D2903"
"C","6","D2850","D2808-D2903"
"D","6","D2851","D2808-D2903"
"E","6","D2852","D2808-D2903"
"F","6","D2853","D2808-D2903"
"G","6","D2854","D2808-D2903"
"H","6","D2855","D2808-D2903"
"A","7","D2856","D2808-D2903"
"B","7","D2857","D2808-D2903"
"C","7","D2858","D2808-D2903"
"D","7","D2859","D2808-D2903"
"E","7","D2860","D2808-D2903"
"F","7","D2861","D2808-D2903"
"G","7","D2862","D2808-D2903"
"H","7","D2863","D2808-D2903"
"A","8","D2864","D2808-D2903"
"B","8","D2865","D2808-D2903"
"C","8","D2866","D2808-D2903"
"D","8","D2867","D2808-D2903"
"E","8","D2868","D2808-D2903"
"F","8","D2869","D2808-D2903"
"G","8","D2870","D2808-D2903"
"H","8","D2871","D2808-D2903"
"A","9","D2872","D2808-D2903"
"B","9","D2873","D2808-D2903"
"C","9","D2874","D2808-D2903"
"D","9","D2875","D2808-D2903"
"E","9","D2876","D2808-D2903"
"F","9","D2877","D2808-D2903"
"G","9","D2878","D2808-D2903"
"H","9","D2879","D2808-D2903"
"A","10","D2880","D2808-D2903"
"B","10","D2881","D2808-D2903"
"C","10","D2882","D2808-D2903"
"D","10","D2883","D2808-D2903"
"E","10","D2884","D2808-D2903"
"F","10","D2885","D2808-D2903"
"G","10","D2886","D2808-D2903"
"H","10","D2887","D2808-D2903"
"A","11","D2888","D2808-D2903"
"B","11","D2889","D2808-D2903"
"C","11","D2890","D2808-D2903"
"D","11","D2891","D2808-D2903"
"E","11","D2892","D2808-D2903"
"F","11","D2893","D2808-D2903"
"G","11","D2894","D2808-D2903"
"H","11","D2895","D2808-D2903"
"A","12","D2896","D2808-D2903"
"B","12","D2897","D2808-D2903"
"C","12","D2898","D2808-D2903"
"D","12","D2899","D2808-D2903"
"E","12","D2900","D2808-D2903"
"F","12","D2901","D2808-D2903"
"G","12","D2902","D2808-D2903"
"H","12","D2903","D2808-D2903"
"A","1","D2904","D2904-D2999"
"B","1","D2905","D2904-D2999"
"C","1","D2906","D2904-D2999"
"D","1","D2907","D2904-D2999"
"E","1","D2908","D2904-D2999"
"F","1","D2909","D2904-D2999"
"G","1","D2910","D2904-D2999"
"H","1","D2911","D2904-D2999"
"A","2","D2912","D2904-D2999"
"B","2","D2913","D2904-D2999"
"C","2","D2914","D2904-D2999"
"D","2","D2915","D2904-D2999"
"E","2","D2916","D2904-D2999"
"F","2","D2917","D2904-D2999"
"G","2","D2918","D2904-D2999"
"H","2","D2919","D2904-D2999"
"A","3","D2920","D2904-D2999"
"B","3","D2921","D2904-D2999"
"C","3","D2922","D2904-D2999"
"D","3","D2923","D2904-D2999"
"E","3","D2924","D2904-D2999"
"F","3","D2925","D2904-D2999"
"G","3","D2926","D2904-D2999"
"H","3","D2927","D2904-D2999"
"A","4","D2928","D2904-D2999"
"B","4","D2929","D2904-D2999"
"C","4","D2930","D2904-D2999"
"D","4","D2931","D2904-D2999"
"E","4","D2932","D2904-D2999"
"F","4","D2933","D2904-D2999"
"G","4","D2934","D2904-D2999"
"H","4","D2935","D2904-D2999"
"A","5","D2936","D2904-D2999"
"B","5","D2937","D2904-D2999"
"C","5","D2938","D2904-D2999"
"D","5","D2939","D2904-D2999"
"E","5","D2940","D2904-D2999"
"F","5","D2941","D2904-D2999"
"G","5","D2942","D2904-D2999"
"H","5","D2943","D2904-D2999"
"A","6","D2944","D2904-D2999"
"B","6","D2945","D2904-D2999"
"C","6","D2946","D2904-D2999"
"D","6","D2947","D2904-D2999"
"E","6","D2948","D2904-D2999"
"F","6","D2949","D2904-D2999"
"G","6","D2950","D2904-D2999"
"H","6","D2951","D2904-D2999"
"A","7","D2952","D2904-D2999"
"B","7","D2953","D2904-D2999"
"C","7","D2954","D2904-D2999"
"D","7","D2955","D2904-D2999"
"E","7","D2956","D2904-D2999"
"F","7","D2957","D2904-D2999"
"G","7","D2958","D2904-D2999"
"H","7","D2959","D2904-D2999"
"A","8","D2960","D2904-D2999"
"B","8","D2961","D2904-D2999"
"C","8","D2962","D2904-D2999"
"D","8","D2963","D2904-D2999"
"E","8","D2964","D2904-D2999"
"F","8","D2965","D2904-D2999"
"G","8","D2966","D2904-D2999"
"H","8","D2967","D2904-D2999"
"A","9","D2968","D2904-D2999"
"B","9","D2969","D2904-D2999"
"C","9","D2970","D2904-D2999"
"D","9","D2971","D2904-D2999"
"E","9","D2972","D2904-D2999"
"F","9","D2973","D2904-D2999"
"G","9","D2974","D2904-D2999"
"H","9","D2975","D2904-D2999"
"A","10","D2976","D2904-D2999"
"B","10","D2977","D2904-D2999"
"C","10","D2978","D2904-D2999"
"D","10","D2979","D2904-D2999"
"E","10","D2980","D2904-D2999"
"F","10","D2981","D2904-D2999"
"G","10","D2982","D2904-D2999"
"H","10","D2983","D2904-D2999"
"A","11","D2984","D2904-D2999"
"B","11","D2985","D2904-D2999"
"C","11","D2986","D2904-D2999"
"D","11","D2987","D2904-D2999"
"E","11","D2988","D2904-D2999"
"F","11","D2989","D2904-D2999"
"G","11","D2990","D2904-D2999"
"H","11","D2991","D2904-D2999"
"A","12","D2992","D2904-D2999"
"B","12","D2993","D2904-D2999"
"C","12","D2994","D2904-D2999"
"D","12","D2995","D2904-D2999"
"E","12","D2996","D2904-D2999"
"F","12","D2997","D2904-D2999"
"G","12","D2998","D2904-D2999"
"H","12","D2999","D2904-D2999"
"A","1","D3000","D3000-D3095"
"B","1","D3001","D3000-D3095"
"C","1","D3002","D3000-D3095"
"D","1","D3003","D3000-D3095"
"E","1","D3004","D3000-D3095"
"F","1","D3005","D3000-D3095"
"G","1","D3006","D3000-D3095"
"H","1","D3007","D3000-D3095"
"A","2","D3008","D3000-D3095"
"B","2","D3009","D3000-D3095"
"C","2","D3010","D3000-D3095"
"D","2","D3011","D3000-D3095"
"E","2","D3012","D3000-D3095"
"F","2","D3013","D3000-D3095"
"G","2","D3014","D3000-D3095"
"H","2","D3015","D3000-D3095"
"A","3","D3016","D3000-D3095"
"B","3","D3017","D3000-D3095"
"C","3","D3018","D3000-D3095"
"D","3","D3019","D3000-D3095"
"E","3","D3020","D3000-D3095"
"F","3","D3021","D3000-D3095"
"G","3","D3022","D3000-D3095"
"H","3","D3023","D3000-D3095"
"A","4","D3024","D3000-D3095"
"B","4","D3025","D3000-D3095"
"C","4","D3026","D3000-D3095"
"D","4","D3027","D3000-D3095"
"E","4","D3028","D3000-D3095"
"F","4","D3029","D3000-D3095"
"G","4","D3030","D3000-D3095"
"H","4","D3031","D3000-D3095"
"A","5","D3032","D3000-D3095"
"B","5","D3033","D3000-D3095"
"C","5","D3034","D3000-D3095"
"D","5","D3035","D3000-D3095"
"E","5","D3036","D3000-D3095"
"F","5","D3037","D3000-D3095"
"G","5","D3038","D3000-D3095"
"H","5","D3039","D3000-D3095"
"A","6","D3040","D3000-D3095"
"B","6","D3041","D3000-D3095"
"C","6","D3042","D3000-D3095"
"D","6","D3043","D3000-D3095"
"E","6","D3044","D3000-D3095"
"F","6","D3045","D3000-D3095"
"G","6","D3046","D3000-D3095"
"H","6","D3047","D3000-D3095"
"A","7","D3048","D3000-D3095"
"B","7","D3049","D3000-D3095"
"C","7","D3050","D3000-D3095"
"D","7","D3051","D3000-D3095"
"E","7","D3052","D3000-D3095"
"F","7","D3053","D3000-D3095"
"G","7","D3054","D3000-D3095"
"H","7","D3055","D3000-D3095"
"A","8","D3056","D3000-D3095"
"B","8","D3057","D3000-D3095"
"C","8","D3058","D3000-D3095"
"D","8","D3059","D3000-D3095"
"E","8","D3060","D3000-D3095"
"F","8","D3061","D3000-D3095"
"G","8","D3062","D3000-D3095"
"H","8","D3063","D3000-D3095"
"A","9","D3064","D3000-D3095"
"B","9","D3065","D3000-D3095"
"C","9","D3066","D3000-D3095"
"D","9","D3067","D3000-D3095"
"E","9","D3068","D3000-D3095"
"F","9","D3069","D3000-D3095"
"G","9","D3070","D3000-D3095"
"H","9","D3071","D3000-D3095"
"A","10","D3072","D3000-D3095"
"B","10","D3073","D3000-D3095"
"C","10","D3074","D3000-D3095"
"D","10","D3075","D3000-D3095"
"E","10","D3076","D3000-D3095"
"F","10","D3077","D3000-D3095"
"G","10","D3078","D3000-D3095"
"H","10","D3079","D3000-D3095"
"A","11","D3080","D3000-D3095"
"B","11","D3081","D3000-D3095"
"C","11","D3082","D3000-D3095"
"D","11","D3083","D3000-D3095"
"E","11","D3084","D3000-D3095"
"F","11","D3085","D3000-D3095"
"G","11","D3086","D3000-D3095"
"H","11","D3087","D3000-D3095"
"A","12","D3088","D3000-D3095"
"B","12","D3089","D3000-D3095"
"C","12","D3090","D3000-D3095"
"D","12","D3091","D3000-D3095"
"E","12","D3092","D3000-D3095"
"F","12","D3093","D3000-D3095"
"G","12","D3094","D3000-D3095"
"H","12","D3095","D3000-D3095"
"A","1","D3096","D3096-D3191"
"B","1","D3097","D3096-D3191"
"C","1","D3098","D3096-D3191"
"D","1","D3099","D3096-D3191"
"E","1","D3100","D3096-D3191"
"F","1","D3101","D3096-D3191"
"G","1","D3102","D3096-D3191"
"H","1","D3103","D3096-D3191"
"A","2","D3104","D3096-D3191"
"B","2","D3105","D3096-D3191"
"C","2","D3106","D3096-D3191"
"D","2","D3107","D3096-D3191"
"E","2","D3108","D3096-D3191"
"F","2","D3109","D3096-D3191"
"G","2","D3110","D3096-D3191"
"H","2","D3111","D3096-D3191"
"A","3","D3112","D3096-D3191"
"B","3","D3113","D3096-D3191"
"C","3","D3114","D3096-D3191"
"D","3","D3115","D3096-D3191"
"E","3","D3116","D3096-D3191"
"F","3","D3117","D3096-D3191"
"G","3","D3118","D3096-D3191"
"H","3","D3119","D3096-D3191"
"A","4","D3120","D3096-D3191"
"B","4","D3121","D3096-D3191"
"C","4","D3122","D3096-D3191"
"D","4","D3123","D3096-D3191"
"E","4","D3124","D3096-D3191"
"F","4","D3125","D3096-D3191"
"G","4","D3126","D3096-D3191"
"H","4","D3127","D3096-D3191"
"A","5","D3128","D3096-D3191"
"B","5","D3129","D3096-D3191"
"C","5","D3130","D3096-D3191"
"D","5","D3131","D3096-D3191"
"E","5","D3132","D3096-D3191"
"F","5","D3133","D3096-D3191"
"G","5","D3134","D3096-D3191"
"H","5","D3135","D3096-D3191"
"A","6","D3136","D3096-D3191"
"B","6","D3137","D3096-D3191"
"C","6","D3138","D3096-D3191"
"D","6","D3139","D3096-D3191"
"E","6","D3140","D3096-D3191"
"F","6","D3141","D3096-D3191"
"G","6","D3142","D3096-D3191"
"H","6","D3143","D3096-D3191"
"A","7","D3144","D3096-D3191"
"B","7","D3145","D3096-D3191"
"C","7","D3146","D3096-D3191"
"D","7","D3147","D3096-D3191"
"E","7","D3148","D3096-D3191"
"F","7","D3149","D3096-D3191"
"G","7","D3150","D3096-D3191"
"H","7","D3151","D3096-D3191"
"A","8","D3152","D3096-D3191"
"B","8","D3153","D3096-D3191"
"C","8","D3154","D3096-D3191"
"D","8","D3155","D3096-D3191"
"E","8","D3156","D3096-D3191"
"F","8","D3157","D3096-D3191"
"G","8","D3158","D3096-D3191"
"H","8","D3159","D3096-D3191"
"A","9","D3160","D3096-D3191"
"B","9","D3161","D3096-D3191"
"C","9","D3162","D3096-D3191"
"D","9","D3163","D3096-D3191"
"E","9","D3164","D3096-D3191"
"F","9","D3165","D3096-D3191"
"G","9","D3166","D3096-D3191"
"H","9","D3167","D3096-D3191"
"A","10","D3168","D3096-D3191"
"B","10","D3169","D3096-D3191"
"C","10","D3170","D3096-D3191"
"D","10","D3171","D3096-D3191"
"E","10","D3172","D3096-D3191"
"F","10","D3173","D3096-D3191"
"G","10","D3174","D3096-D3191"
"H","10","D3175","D3096-D3191"
"A","11","D3176","D3096-D3191"
"B","11","D3177","D3096-D3191"
"C","11","D3178","D3096-D3191"
"D","11","D3179","D3096-D3191"
"E","11","D3180","D3096-D3191"
"F","11","D3181","D3096-D3191"
"G","11","D3182","D3096-D3191"
"H","11","D3183","D3096-D3191"
"A","12","D3184","D3096-D3191"
"B","12","D3185","D3096-D3191"
"C","12","D3186","D3096-D3191"
"D","12","D3187","D3096-D3191"
"E","12","D3188","D3096-D3191"
"F","12","D3189","D3096-D3191"
"G","12","D3190","D3096-D3191"
"H","12","D3191","D3096-D3191"
"A","1","D3192","D3192-NA"
"B","1","D3193","D3192-NA"
"C","1","D3194","D3192-NA"
"D","1","D3195","D3192-NA"
"E","1","D3196","D3192-NA"
"F","1","D3197","D3192-NA"
"G","1","D3198","D3192-NA"
"H","1","D3199","D3192-NA"
"A","2","D3200","D3192-NA"
"B","2","D3201","D3192-NA"
"C","2","D3202","D3192-NA"
"D","2","D3203","D3192-NA"
"E","2","D3204","D3192-NA"
"F","2","D3205","D3192-NA"
"G","2","D3206","D3192-NA"
"H","2","D3207","D3192-NA"
"A","3","D3208","D3192-NA"
"B","3","D3209","D3192-NA"
"C","3","D3210","D3192-NA"
"D","3","D3211","D3192-NA"
"E","3","D3212","D3192-NA"
"F","3","D3213","D3192-NA"
"G","3","D3214","D3192-NA"
"H","3","D3215","D3192-NA"
"A","4","D3216","D3192-NA"
"B","4","D3217","D3192-NA"
"C","4","D3218","D3192-NA"
"D","4","D3219","D3192-NA"
"E","4","D3220","D3192-NA"
"F","4","D3221","D3192-NA"
"G","4","D3222","D3192-NA"
"H","4","D3223","D3192-NA"
"A","5","D3224","D3192-NA"
"B","5","D3225","D3192-NA"
"C","5","D3226","D3192-NA"
"D","5","D3227","D3192-NA"
"E","5","D3228","D3192-NA"
"F","5","D3229","D3192-NA"
"G","5","D3230","D3192-NA"
"H","5","D3231","D3192-NA"
"A","6","D3232","D3192-NA"
"B","6","D3233","D3192-NA"
"C","6","D3234","D3192-NA"
"D","6","D3235","D3192-NA"
"E","6","D3236","D3192-NA"
"F","6","D3237","D3192-NA"
"G","6","D3238","D3192-NA"
"H","6","D3239","D3192-NA"
"A","7","D3240","D3192-NA"
"B","7","D3241","D3192-NA"
"C","7","D3242","D3192-NA"
"D","7","D3243","D3192-NA"
"E","7","D3244","D3192-NA"
"F","7","D3245","D3192-NA"
"G","7","D3246","D3192-NA"
