"Row","Col","ID"
"A",1,"TEST16_095"
"B",1,"TEST16_096"
"C",1,"TEST16_097"
"D",1,"TEST16_098"
"E",1,"TEST16_099"
"F",1,"TEST16_100"
"G",1,"TEST16_101"
"H",1,"TEST16_102"
"A",2,"TEST16_103"
"B",2,"TEST16_104"
"C",2,"TEST16_105"
"D",2,"XXXX"
"E",2,"TEST16_106"
"F",2,"TEST16_107"
"G",2,"TEST16_108"
"H",2,"TEST16_109"
"A",3,"TEST16_110"
"B",3,"TEST16_111"
"C",3,"TEST16_112"
"D",3,"TEST16_113"
"E",3,"TEST16_114"
"F",3,"TEST16_115"
"G",3,"TEST16_116"
"H",3,"TEST16_117"
"A",4,"TEST16_118"
"B",4,"TEST16_119"
"C",4,"TEST16_120"
"D",4,"TEST16_121"
"E",4,"TEST16_122"
"F",4,"TEST16_123"
"G",4,"TEST16_124"
"H",4,"TEST16_125"
"A",5,"TEST16_126"
"B",5,"TEST16_127"
"C",5,"TEST16_128"
"D",5,"TEST16_129"
"E",5,"TEST16_130"
"F",5,"TEST16_131"
"G",5,"TEST16_132"
"H",5,"TEST16_133"
"A",6,"TEST16_134"
"B",6,"TEST16_135"
"C",6,"TEST16_136"
"D",6,"TEST16_137"
"E",6,"TEST16_138"
"F",6,"TEST16_139"
"G",6,"TEST16_140"
"H",6,"TEST16_141"
"A",7,"TEST16_142"
"B",7,"TEST16_143"
"C",7,"TEST16_144"
"D",7,"TEST16_145"
"E",7,"TEST16_146"
"F",7,"TEST16_147"
"G",7,"TEST16_148"
"H",7,"TEST16_149"
"A",8,"TEST16_150"
"B",8,"TEST16_151"
"C",8,"TEST16_152"
"D",8,"TEST16_153"
"E",8,"XXXX"
"F",8,"TEST16_154"
"G",8,"TEST16_155"
"H",8,"TEST16_156"
"A",9,"TEST16_157"
"B",9,"TEST16_158"
"C",9,"TEST16_159"
"D",9,"TEST16_160"
"E",9,"TEST16_161"
"F",9,"TEST16_162"
"G",9,"TEST16_163"
"H",9,"TEST16_164"
"A",10,"TEST16_165"
"B",10,"TEST16_166"
"C",10,"TEST16_167"
"D",10,"TEST16_168"
"E",10,"TEST16_169"
"F",10,"TEST16_170"
"G",10,"TEST16_171"
"H",10,"TEST16_172"
"A",11,"TEST16_173"
"B",11,"TEST16_174"
"C",11,"TEST16_175"
"D",11,"TEST16_176"
"E",11,"TEST16_177"
"F",11,"TEST16_178"
"G",11,"TEST16_179"
"H",11,"TEST16_180"
"A",12,"TEST16_181"
"B",12,"TEST16_182"
"C",12,"TEST16_183"
"D",12,"TEST16_184"
"E",12,"TEST16_185"
"F",12,"TEST16_186"
"G",12,"TEST16_187"
"H",12,"TEST16_188"
