"","Row","Col","ID"
"1","A",1,"D3192"
"2","B",1,"D3193"
"3","C",1,"D3194"
"4","D",1,"D3195"
"5","E",1,"D3196"
"6","F",1,"D3197"
"7","G",1,"D3198"
"8","H",1,"D3199"
"9","A",2,"D3200"
"10","B",2,"D3201"
"11","C",2,"D3202"
"12","D",2,"D3203"
"13","E",2,"D3204"
"14","F",2,"D3205"
"15","G",2,"D3206"
"16","H",2,"D3207"
"17","A",3,"D3208"
"18","B",3,"D3209"
"19","C",3,"D3210"
"20","D",3,"D3211"
"21","E",3,"D3212"
"22","F",3,"D3213"
"23","G",3,"D3214"
"24","H",3,"D3215"
"25","A",4,"D3216"
"26","B",4,"D3217"
"27","C",4,"D3218"
"28","D",4,"D3219"
"29","E",4,"D3220"
"30","F",4,"D3221"
"31","G",4,"D3222"
"32","H",4,"D3223"
"33","A",5,"D3224"
"34","B",5,"D3225"
"35","C",5,"D3226"
"36","D",5,"D3227"
"37","E",5,"D3228"
"38","F",5,"D3229"
"39","G",5,"D3230"
"40","H",5,"D3231"
"41","A",6,"D3232"
"42","B",6,"D3233"
"43","C",6,"D3234"
"44","D",6,"D3235"
"45","E",6,"D3236"
"46","F",6,"D3237"
"47","G",6,"D3238"
"48","H",6,"D3239"
"49","A",7,"D3240"
"50","B",7,"D3241"
"51","C",7,"D3242"
"52","D",7,"D3243"
"53","E",7,"D3244"
"54","F",7,"D3245"
"55","G",7,"D3246"
